Name,pKa,Weight,∆H,∆G_solv,Bond Order,SASA,smiles
Urea,0.1,60.0553,-0.937118854819,1.62920275856,0.700332334268,11.0835388819,C(=O)(N)N
Trifluoroacetic acid,0.52,113.992863932,-0.436374603003,261.351372415,0.584903270724,17.733662211,C(=O)(C(F)(F)F)O
Acetamide,0.63,59.0672,4.39583695899,-0.356219705151,0.713410280703,10.8372380178,CC(=O)N
Trichloroacetic acid,0.66,161.904212312,-0.154961560005,268.306769289,0.582953851853,17.979963075,C(=O)(C(Cl)(Cl)Cl)O
b'pyridine-2-carboxylic acid',0.99,123.0320284,1.6154935563,304.69972185,0.593253475991,16.5021578908,c1ccnc(c1)C(=O)O
Cyanamide,1.03,42.04,1.92160191356,-3.67624156198,0.702910297569,11.0835388819,C(#N)N
Phenylalanine,1.24,165.1891,-2.50790619172,178.973192687,0.57989136008,13.7928483863,c1ccc(cc1)C[C@@H](C(=O)O)N
Ethanedioic acid,1.25,89.995308544,-0.0342232125414,1007.67431089,0.57436648468,17.4873613469,C(=O)(C(=O)O)O
Dichloroacetic acid,1.26,128.942,2.90346625719,275.150778572,0.580264242933,16.7484587548,C(C(=O)O)(Cl)Cl
Taurine,1.5,125.147,6.39571864174,186.612132915,0.596121331467,18.2262639391,C(CS(=O)(=O)O)N
Cetirizine,1.52,388.888,14.787995745,234.739905395,0.586635798176,17.733662211,c1ccc(cc1)[C@H](c2ccc(cc2)Cl)N3CCN(CC3)CCOCC(=O)O
Pentafluorobenzoic acid,1.75,211.989670372,1.82029583526,260.275854817,0.576690768943,17.4873613469,c1(c(c(c(c(c1F)F)F)F)F)C(=O)O
Fluconazole,1.76,306.2708,0.758859758038,2.21504467522,0.599972598855,14.7780518425,c1cc(c(cc1F)F)C(Cn2cncn2)(Cn3cncn3)O
b'pyridine-4-carboxylic acid',1.77,123.0320284,4.37160695915,277.274685,0.573052758922,16.9947596189,c1cnccc1C(=O)O
Tedizolid,1.8,370.344,1.41938864094,3.85762155632,0.614304031844,17.2410604829,Cn1nc(nn1)c2ccc(cn2)c3ccc(cc3F)N4C[C@@H](OC4=O)CO
Isoniazid,1.82,137.1393,0.938496506419,4.36447395686,0.724213353332,11.5761406099,c1cnccc1C(=O)NN
Maleic Acid,1.83,116.0722,5.4713851438,970.73558396,0.583077420129,17.2410604829,C(=C\C(=O)O)\C(=O)O
nan,2.0,427.15076154,2.79344326809,-2.23841861267,0.610492216013,17.979963075,c1cc(ccc1CN2[C@H]([C@@H]3[C@@H]([N@@]4CC(C[C@H]4[C@@H]3C2=O)(F)F)c5ccc(cc5)C#N)O)F
nan,2.0,429.166411604,2.44274063207,-3.90939422778,0.614507617087,17.979963075,c1cc(ccc1CN2[C@H]([C@H]3[C@@H](C2=O)[C@@H]4C(CC[N@]4[C@H]3[C@H]5CC=C(C=C5)C#N)(F)F)O)F
nan,2.0,442.161660572,0.0934398430179,179.96193889,0.704701608196,8.86683110549,c1cc(ccc1CN2C(=O)[C@@H]3[C@@H]([N@@]4CCC([C@@H]4[C@@H]3C2=O)(F)F)c5ccc(cc5)C(=N)N)F
nan,2.0,442.161660572,1.58522567638,180.210658486,0.706993395885,9.11313196953,c1cc(ccc1CN2C(=O)[C@H]3[C@H]4CC(C[N@@]4[C@H]([C@H]3C2=O)c5ccc(cc5)C(=N)N)(F)F)F
"N,N-dimethylglycine",2.04,103.1198,3.77840335992,154.595579043,0.568357210559,15.5169544346,CN(C)CC(=O)O
Dexrazoxane,2.1,268.2691,0.963014581317,244.495894495,0.707868944626,12.5613440661,C[C@@H](CN1CC(=O)NC(=O)C1)N2CC(=O)NC(=O)C2
Tazobactam,2.1,300.291,0.493259786872,244.934254121,0.579713367597,17.733662211,C[C@@]1([C@@H](N2[C@H](S1(=O)=O)CC2=O)C(=O)O)Cn3ccnn3
Cefapirin,2.15,423.463,6.92381535943,262.335081378,0.721558119433,12.3150432021,CC(=O)OCC1=C(N2[C@@H]([C@@H](C2=O)NC(=O)CSc3ccncc3)SC1)C(=O)O
Ranolazine,2.2,427.5365,5.54792233124,180.964888252,0.595782199489,15.2706535706,Cc1cccc(c1NC(=O)CN2CCN(CC2)C[C@H](COc3ccccc3OC)O)C
Methionine,2.28,149.211,-0.780839293661,167.50348355,0.584454506259,13.7928483863,CSCC[C@@H](C(=O)O)N
Valine,2.3,117.1463,-0.294535639694,159.507000628,0.572845079017,15.7632552987,CC(C)[C@@H](C(=O)O)N
Clopyralid,2.32,190.954083696,1.86282790989,279.052478066,0.573741452608,17.4873613469,c1cc(nc(c1Cl)C(=O)O)Cl
Alanine,2.34,89.0932,-0.136098682051,176.859261354,0.581244287158,14.5317509784,C[C@@H](C(=O)O)N
Leucine,2.35,131.1729,-0.452844164684,166.830947494,0.576380789652,17.2410604829,CC(C)C[C@@H](C(=O)O)N
Glycine,2.37,75.0666,-0.833816724857,197.834066487,0.574051937683,16.9947596189,C(C(=O)O)N
Aminobenzoic acid,2.38,137.136,0.800458956519,282.896948701,0.574030687858,15.7632552987,c1cc(ccc1C(=O)O)N
SM22,2.4,396.84605978,0.846370869805,-7.13769924984,0.587995324869,17.979963075,c1cc2c(cc(c(c2nc1)O)I)I
Dapsone,2.41,248.301,2.5307118212,3.66597418201,0.710666387727,10.8372380178,c1cc(ccc1N)S(=O)(=O)c2ccc(cc2)N
Quinolinic Acid,2.43,167.1189,5.65588285181,916.415950331,0.586641599026,15.2706535706,c1cc(c(nc1)C(=O)O)C(=O)O
Pyruvic acid,2.45,88.0621,2.80896103587,289.743388995,0.573249240578,17.733662211,CC(=O)C(=O)O
Butamben,2.472,193.246,0.881637654334,-1.00356656227,0.708210027491,10.5909371538,CCCCOC(=O)c1ccc(cc1)N
Pyrazole,2.48,68.0773,1.73200564201,-6.39072087996,0.721149527259,12.3150432021,c1c[nH]nc1
nan,2.5,216.053492116,1.67053415046,271.269781603,0.590124291455,18.2262639391,c1ccc(cc1)c2cc(nc(n2)O)C(=O)O
Benzocaine,2.51,165.1891,0.880338221318,-3.66493154014,0.709932392033,10.8372380178,CCOC(=O)c1ccc(cc1)N
Metronidazole,2.57,171.154,1.41798415854,-5.58451742059,0.608492630369,15.7632552987,Cc1ncc(n1CCO)[N+](=O)[O-]
SM14,2.58,209.095297352,0.76573099075,3.53473298848,0.710349518982,10.8372380178,c1ccc(cc1)n2cnc3c2ccc(c3)N
Fluoroacetic acid,2.59,78.011707556,0.00655876914213,293.376318183,0.581639499774,17.2410604829,C(C(=O)O)F
Acemetacin,2.6,415.83,3.89820881262,294.402388085,0.584665935004,14.0391492504,Cc1c(c2cc(ccc2n1C(=O)c3ccc(cc3)Cl)OC)CC(=O)OCC(=O)O
SM24,2.6,391.153206152,-0.255513274276,13.1959761949,0.72926130719,11.5761406099,COc1ccc(cc1)c2c3c(ncnc3oc2c4ccc(cc4)OC)NCCO
Cycloleucine,2.62,129.157,-0.272625250429,167.275663377,0.580644371752,15.5169544346,C1CCC(C1)(C(=O)O)N
"2,4-dichlorophenoxyacetic acid",2.64,219.969399412,3.53890795935,273.662401537,0.578142038522,17.979963075,c1cc(c(cc1Cl)Cl)OCC(=O)O
Emtricitabine,2.65,247.247,1.99725148197,11.7165791827,0.57654143231,16.2558570267,c1c(c(nc(=O)n1[C@@H]2CS[C@@H](O2)CO)N)F
Clavulanic acid,2.7,199.1608,2.56787619344,274.53186034,0.605544181587,17.4873613469,C1[C@@H]2N(C1=O)[C@H](/C(=C/CO)/O2)C(=O)O
Oxacillin,2.72,401.436,0.839528236993,291.180084405,0.72550940064,9.60573369762,Cc1c(c(no1)c2ccccc2)C(=O)N[C@H]3[C@@H]4N(C3=O)[C@H](C(S4)(C)C)C(=O)O
1-Aminocyclopropanecarboxylic Acid,2.73,101.1039,2.13586139852,174.32140838,0.584528224724,16.0095561627,C1CC1(C(=O)O)N
Benzylpenicillin,2.74,334.39,-1.24176914388,271.237300762,0.7244842715,11.822441474,CC1([C@@H](N2[C@H](S1)[C@@H](C2=O)NC(=O)Cc3ccccc3)C(=O)O)C
Phthalic Acid,2.76,166.1308,5.62323364055,902.170488665,0.574639746634,16.0095561627,c1ccc(c(c1)C(=O)O)C(=O)O
Meticillin,2.77,380.415,4.01937825023,264.609462638,0.730340392233,11.0835388819,CC1([C@@H](N2[C@H](S1)[C@@H](C2=O)NC(=O)c3c(cccc3OC)OC)C(=O)O)C
Cloxacillin,2.78,435.881,1.05581492265,256.002607312,0.723992596379,12.068742338,Cc1c(c(no1)c2ccccc2Cl)C(=O)N[C@H]3[C@@H]4N(C3=O)[C@H](C(S4)(C)C)C(=O)O
Phenoxymethylpenicillin,2.79,350.39,5.78470330492,276.576483371,0.720119129004,11.822441474,CC1([C@@H](N2[C@H](S1)[C@@H](C2=O)NC(=O)COc3ccccc3)C(=O)O)C
Quinapril,2.8,438.5161,5.87818358277,119.813811347,0.727835932686,7.63532678528,CCOC(=O)[C@H](CCc1ccccc1)N[C@@H](C)C(=O)N2Cc3ccccc3C[C@H]2C(=O)O
2-Chloropropanoic acid,2.83,107.99780708,2.89791942751,301.137000598,0.581087535897,16.7484587548,C[C@@H](C(=O)O)Cl
Malonic acid,2.85,104.0615,0.355347180765,962.057272712,0.577762880308,16.7484587548,C(C(=O)O)C(=O)O
2-Bromobenzoic acid,2.85,199.9472915,2.4137223884,280.521990327,0.572230226897,16.7484587548,c1ccc(c(c1)C(=O)O)Br
2-Chlorobutanoic acid,2.86,122.013457144,2.46240731009,291.183892422,0.588986947994,17.2410604829,CC[C@@H](C(=O)O)Cl
Chloroacetic acid,2.87,93.982157016,2.23617031771,308.961997368,0.587954575473,16.9947596189,C(C(=O)O)Cl
2-Bromoacetyl Group,2.89,138.948,3.0657400283,298.406226593,0.571885850431,17.4873613469,C(C(=O)O)Br
2-Chlorobenzoic acid,2.9,155.99780708,2.4920829733,290.085970499,0.56982550584,16.5021578908,c1ccc(c(c1)C(=O)O)Cl
"b'2-(5-Phenyl-1,3-oxazol-2-yl)benzoic acid'",2.9,265.073893212,2.90772762765,262.760735692,0.58728172536,15.0243527065,c1ccc(cc1)c2cnc(o2)c3ccccc3C(=O)O
Salicylic acid,2.97,138.1207,3.8436367828,299.089637799,0.584611741072,14.7780518425,c1ccc(c(c1)C(=O)O)O
Fumaric Acid,3.03,116.0722,-0.446414751735,902.333811861,0.573349086937,17.2410604829,C(=C/C(=O)O)\C(=O)O
SM06,3.03,327.00072404,-3.66397314183,-0.801182269922,0.693635556303,11.3298397459,c1cc2cccnc2c(c1)NC(=O)c3cc(cnc3)Br
nan,3.1,409.160183352,3.67119831771,198.988832342,0.615351700562,16.5021578908,c1cc(ccc1CN2[C@H]([C@@H]3[C@@H]([N@@]4C[C@H](C[C@H]4[C@@H]3C2=O)F)c5ccc(cc5)C#N)O)F
Methylmalonic Acid,3.12,118.088,3.49553617136,954.447558576,0.574084082481,17.2410604829,CC(C(=O)O)C(=O)O
2-Fluoroaniline,3.2,111.1169,0.98489943917,-0.164341711584,0.715221407849,9.60573369762,c1ccc(c(c1)N)F
Proparacaine,3.2,294.3892,0.792515542203,183.437019298,0.713172161665,10.5909371538,CCCOc1ccc(cc1N)C(=O)OCCN(CC)CC
nan,3.2,466.201633564,0.70169739949,558.040015187,0.701640405296,8.62053024145,COC1(C[C@@H]2[C@H]3[C@@H]([C@@H]([N@]2C1)c4ccc(cc4)C(=N)N)C(=O)N(C3=O)Cc5ccc(cc5)F)OC
mecoprop,3.21,214.039671892,-1.7253039791,277.616539788,0.570261794622,17.4873613469,Cc1cc(ccc1O[C@H](C)C(=O)O)Cl
Flucytosine,3.26,129.0925,2.24678805061,-2.10444867686,0.70042112755,11.0835388819,c1c(c([nH]c(=O)n1)N)F
2-Fluorobenzoic acid,3.27,140.02735762,1.82983138637,278.393509577,0.585355515287,16.9947596189,c1ccc(c(c1)C(=O)O)F
Glyoxylic acid,3.3,74.0355,2.56984213006,291.892364151,0.57371213848,17.4873613469,C(=O)C(=O)O
nan,3.3,411.175833416,2.45112366204,199.914928259,0.59320038108,17.733662211,c1cc(ccc1CN2[C@H]([C@H]3[C@@H](C2=O)[C@@H]4[C@H](CC[N@@]4[C@H]3[C@H]5CC=C(C=C5)C#N)F)O)F
nan,3.3,411.175833416,2.64818436984,202.267958925,0.595906852402,17.733662211,c1cc(ccc1CN2[C@H]([C@H]3[C@@H](C2=O)[C@@H]4[C@@H](CC[N@@]4[C@H]3[C@H]5CC=C(C=C5)C#N)F)O)F
nan,3.3,424.171082384,-0.000882440984027,596.741572884,0.712941822513,8.62053024145,c1cc(ccc1CN2C(=O)[C@@H]3[C@@H]([N@@]4CC[C@@H]([C@@H]4[C@@H]3C2=O)F)c5ccc(cc5)C(=N)N)F
nan,3.3,424.171082384,1.15093564997,608.770550692,0.705367008278,8.86683110549,c1cc(ccc1CN2C(=O)[C@H]3[C@H]4C[C@H](C[N@@]4[C@H]([C@H]3C2=O)c5ccc(cc5)C(=N)N)F)F
nan,3.3,424.171082384,0.517196211351,580.253480936,0.711237677605,9.11313196953,c1cc(ccc1CN2C(=O)[C@H]3[C@H]4C[C@@H](C[N@@]4[C@H]([C@H]3C2=O)c5ccc(cc5)C(=N)N)F)F
nan,3.3,466.201633564,-9.73640981792,543.389008647,0.704963738815,9.11313196953,COC1(CC[N@]2[C@H]1[C@H]3[C@@H]([C@@H]2c4ccc(cc4)C(=N)N)C(=O)N(C3=O)Cc5ccc(cc5)F)OC
"b'5-(2,4-difluorophenyl)-2-hydroxybenzoic acid'",3.3,250.044150556,4.4739022822,273.35819957,0.578171755853,16.2558570267,c1cc(c(cc1c2ccc(cc2F)F)C(=O)O)O
"b'(1R,2S)-2-(benzoylamino)cyclohexane-1-carboxylic acid'",3.3,247.120843404,3.15667407566,300.789806889,0.720694901142,9.35943283357,c1ccc(cc1)C(=O)N[C@H]2CCCC[C@H]2C(=O)O
Nicotinamide,3.35,122.1246,2.04302643253,1.23039610573,0.704775328623,9.35943283357,c1cc(cnc1)C(=O)N
Probenecid,3.4,285.359,2.95777164873,263.055094737,0.592391464975,15.7632552987,CCCN(CCC)S(=O)(=O)c1ccc(cc1)C(=O)O
nan,3.4,424.171082384,3.88977564964,617.826085624,0.706070175446,8.37422937741,c1cc(ccc1CN2C(=O)[C@@H]3[C@@H]([N@@]4CC[C@H]([C@@H]4[C@@H]3C2=O)F)c5ccc(cc5)C(=N)N)F
(S)-Mandelic acid,3.41,152.1473,3.34692055304,274.620064086,0.585942679176,17.2410604829,c1ccc(cc1)[C@@H](C(=O)O)O
2-Phenylbenzoic acid,3.46,198.06807956,0.654834736031,291.122570812,0.574619878153,16.2558570267,c1ccc(cc1)c2ccccc2C(=O)O
"b'5-(benzoyl)-2,3-dihydro-1H-pyrrolizine-1-carboxylic acid'",3.49,255.089543276,3.99714783715,278.063925441,0.573169313095,16.2558570267,c1ccc(cc1)C(=O)c2ccc3n2CC[C@H]3C(=O)O
Acetylsalicylic acid,3.5,180.1574,3.57030731257,279.023317509,0.589618565948,16.5021578908,CC(=O)Oc1ccccc1C(=O)O
Deferiprone,3.5,139.1519,1.28002011515,259.966922554,0.605272946707,17.2410604829,Cc1c(c(=O)ccn1C)O
Etacrynic acid,3.5,303.138,6.75727871514,273.006650494,0.595249361471,17.979963075,CCC(=C)C(=O)c1ccc(c(c1Cl)Cl)OCC(=O)O
Tolmetin,3.5,257.2845,3.39905967612,299.108557937,0.573284503254,16.0095561627,Cc1ccc(cc1)C(=O)c2ccc(n2C)CC(=O)O
b'(2-butanoyloxy-4-hydroxy-4-oxobutyl)-trimethylazanium',3.56,232.154334604,9.13642490553,-6.83451062744,0.577374546764,13.7928483863,CCCC(=O)O[C@H](CC(=O)O)C[N+](C)(C)C
nan,3.6,436.19106888,2.18257389643,569.604069259,0.710528415923,9.11313196953,CO[C@@H]1C[C@@H]2[C@H]3[C@@H]([C@@H]([N@]2C1)c4ccc(cc4)C(=N)N)C(=O)N(C3=O)Cc5ccc(cc5)F
b'(2-acetyloxy-4-hydroxy-4-oxobutyl)-trimethylazanium',3.6,204.123034476,8.24956986255,-5.09429018262,0.597044343517,15.5169544346,CC(=O)O[C@H](CC(=O)O)C[N+](C)(C)C
b'(4-hydroxy-2-octanoyloxy-4-oxobutyl)-trimethylazanium',3.6,288.21693486,7.63438547285,-8.4808947085,0.591205916252,14.2854501144,CCCCCCCC(=O)O[C@H](CC(=O)O)C[N+](C)(C)C
beta-Alanine,3.63,89.0932,-1.28626416405,245.932882502,0.704499124338,10.5909371538,C(CN)C(=O)O
b'(2-decanoyloxy-4-hydroxy-4-oxobutyl)-trimethylazanium',3.65,316.248234988,7.87083096973,4.37115212803,0.575225861856,15.0243527065,CCCCCCCCCC(=O)O[C@H](CC(=O)O)C[N+](C)(C)C
Gabapentin,3.7,171.2368,5.48138317999,148.522421203,0.580528689742,16.0095561627,C1CCC(CC1)(CC(=O)O)CN
nan,3.7,405.14886972,3.0482936292,190.928775228,0.597264626489,17.2410604829,c1cc(ccc1CN2C(=O)[C@H]3[C@@H]4C[C@H](C[N@]4[C@H]([C@H]3C2=O)c5ccc(cc5)C#N)O)F
nan,3.7,436.19106888,0.674028378176,560.149470797,0.711959400469,9.35943283357,CO[C@@H]1CC[N@]2[C@H]1[C@H]3[C@@H]([C@@H]2c4ccc(cc4)C(=N)N)C(=O)N(C3=O)Cc5ccc(cc5)F
nan,3.7,436.19106888,0.437966554738,554.552234677,0.708511466537,8.12792851337,CO[C@H]1C[C@@H]2[C@H]3[C@@H]([C@@H]([N@]2C1)c4ccc(cc4)C(=N)N)C(=O)N(C3=O)Cc5ccc(cc5)F
"b'4-[(3aS,4R,8aS,8bR)-2-[(4-fluorophenyl)methyl]-1,3-dioxo-4,6,7,8,8a,8b-hexahydro-3aH-pyrrolo[3,4-a]pyrrolizin-4-yl]-2,3-difluorobenzenecarboximidamide'",3.7,442.161660572,1.24429526476,593.744815623,0.696073748589,9.35943283357,c1cc(ccc1CN2C(=O)[C@H]3[C@@H]4CCC[N@]4[C@H]([C@H]3C2=O)c5ccc(c(c5F)F)C(=N)N)F
"b'4-[(3aS,4R,8aS,8bR)-2-[(4-fluorophenyl)methyl]-1,3-dioxo-4,6,7,8,8a,8b-hexahydro-3aH-pyrrolo[3,4-a]pyrrolizin-4-yl]-2,6-difluorobenzenecarboximidamide'",3.7,442.161660572,-3.86580842706,572.185821335,0.708374499777,9.60573369762,c1cc(ccc1CN2C(=O)[C@H]3[C@@H]4CCC[N@]4[C@H]([C@H]3C2=O)c5cc(c(c(c5)F)C(=N)N)F)F
flamprop,3.73,321.056799176,3.56727644265,261.22740834,0.579854139222,17.4873613469,C[C@H](C(=O)O)N(c1ccc(c(c1)Cl)F)C(=O)c2ccccc2
Ibrutinib,3.74,440.507,1.67757876075,-11.6304463944,0.703232058859,10.5909371538,C=CC(=O)N1CCC[C@H](C1)n2c3c(c(n2)c4ccc(cc4)Oc5ccccc5)c(ncn3)N
Formic acid,3.75,46.0254,3.42740695049,329.748042927,0.5870450753,17.733662211,C(=O)O
b'2-ethoxy-4-[2-[[3-methyl-1-(2-piperidin-1-ylphenyl)butyl]amino]-2-oxoethyl]benzoic acid',3.75,452.267507632,7.36582455393,298.756820122,0.591908278701,16.2558570267,CCOc1cc(ccc1C(=O)O)CC(=O)N[C@H](CC(C)C)c2ccccc2N3CCCCC3
Levocarnitine,3.8,161.1989,0.131995971274,-26.9921113868,0.613439931704,17.733662211,C[N+](C)(C)C[C@@H](CC(=O)[O-])O
Vismodegib,3.8,421.297,-2.53289332436,0.930835285083,0.704748213279,11.5761406099,CS(=O)(=O)c1ccc(c(c1)Cl)C(=O)Nc2ccc(c(c2)c3ccccn3)Cl
nan,3.8,405.14886972,4.13924222978,195.884698418,0.605114090765,17.733662211,c1cc(ccc1CN2C(=O)[C@H]3[C@@H]4C[C@@H](C[N@]4[C@H]([C@H]3C2=O)c5ccc(cc5)C#N)O)F
3-Bromobenzoic acid,3.81,199.9472915,2.57574704371,282.699449032,0.586716932265,16.9947596189,c1cc(cc(c1)Br)C(=O)O
D-Lactic acid,3.83,90.0779,2.65813273043,288.656688551,0.580441406046,17.4873613469,C[C@H](C(=O)O)O
Glycolic acid,3.83,76.0514,2.53726170814,297.181008201,0.570567219346,17.979963075,C(C(=O)O)O
3-Chlorobenzoic acid,3.84,155.99780708,2.57028893472,274.471227728,0.572605629901,16.7484587548,c1cc(cc(c1)Cl)C(=O)O
Lactic acid,3.86,90.0779,2.65813285363,292.47431605,0.578629318268,17.4873613469,C[C@@H](C(=O)O)O
3-Fluorobenzoic acid,3.86,140.02735762,2.57130187543,267.428988708,0.571785883229,16.7484587548,c1cc(cc(c1)F)C(=O)O
SM11,3.89,211.085795288,1.82995998359,-7.84754924194,0.710738910148,11.5761406099,c1ccc(cc1)n2c3c(cn2)c(ncn3)N
Dehydroascorbic acid,3.9,174.1082,4.93810645699,-12.2265898469,0.607760619559,16.9947596189,C([C@@H]([C@@H]1C(=O)C(=O)C(=O)O1)O)O
2-Methyl-benzoic acid,3.91,136.052429496,5.48216954446,293.128934478,0.573035019782,14.0391492504,Cc1ccccc1C(=O)O
Tenofovir alafenamide,3.96,476.474,-2.36880564044,7.24833243662,0.698804004764,12.068742338,C[C@H](Cn1cnc2c1ncnc2N)OC[P@@](=O)(N[C@@H](C)C(=O)OC(C)C)Oc3ccccc3
4-Bromobenzoic acid,3.96,199.9472915,4.30024868636,281.301284971,0.583251205409,16.5021578908,c1cc(ccc1C(=O)O)Br
quinmerac,3.96,221.024356176,3.66355572727,288.159624467,0.579718496069,17.4873613469,Cc1cc2ccc(c(c2nc1)C(=O)O)Cl
p-Chlorobenzoic acid,3.98,156.566,4.30007852137,279.096841592,0.573332520794,16.5021578908,c1cc(ccc1C(=O)O)Cl
3-Chloropropanoic acid,3.98,107.99780708,1.50301605154,292.30637662,0.575561898954,17.4873613469,C(CCl)C(=O)O
Ambrisentan,4.0,378.428,2.4269950765,274.161706107,0.584732236,16.7484587548,Cc1cc(nc(n1)O[C@H](C(=O)O)C(c2ccccc2)(c3ccccc3)OC)C
3-Bromopropanoic acid,4.0,151.9472915,1.5275798598,291.804627255,0.588234774467,17.979963075,C(CBr)C(=O)O
nan,4.0,114.059326444,1.52265417995,2.8068313245,0.731050117132,10.5909371538,C1[C@@H](CN[C@H]1C#N)F
3-Chlorobutanoic acid,4.05,122.013457144,0.703574209823,297.346465284,0.586125411726,17.733662211,C[C@@H](CC(=O)O)Cl
"2,4-Dinitrophenol",4.09,184.1064,2.19303911697,217.362547105,0.606036424709,17.2410604829,c1cc(c(cc1[N+](=O)[O-])[N+](=O)[O-])O
SM21,4.1,435.933448772,-5.99848525111,-3.08331230581,0.702450000553,8.86683110549,c1cc(cc(c1)Br)Nc2c(cnc(n2)Nc3cccc(c3)Br)F
"b'4-[(3aS,4R,8aS,8bR)-2-[(4-fluorophenyl)methyl]-1,3-dioxo-4,6,7,8,8a,8b-hexahydro-3aH-pyrrolo[3,4-a]pyrrolizin-4-yl]-3-fluorobenzenecarboximidamide'",4.1,424.171082384,-3.56330787471,589.638228356,0.70869785227,9.11313196953,c1cc(ccc1CN2C(=O)[C@H]3[C@@H]4CCC[N@]4[C@H]([C@H]3C2=O)c5ccc(cc5F)C(=N)N)F
Adenine,4.15,135.1267,2.08197313588,-10.6725301029,0.704613358165,12.5613440661,c1[nH]c2c(ncnc2n1)N
Diclofenac,4.15,296.149,4.359584026,292.583963664,0.575164627504,17.2410604829,c1ccc(c(c1)CC(=O)O)Nc2c(cccc2Cl)Cl
Naproxen,4.15,230.2592,2.75526976446,283.616522394,0.584148337504,17.4873613469,C[C@@H](c1ccc2cc(ccc2c1)OC)C(=O)O
4-Fluorobenzoic acid,4.15,140.02735762,4.31282562457,279.756086291,0.580663991511,16.7484587548,c1cc(ccc1C(=O)O)F
Butenoic Acid,4.17,86.0892,1.22128939756,311.090749616,0.571680980946,17.979963075,C/C=C/C(=O)O
2-napthoic acid,4.18,172.052429496,2.60208164145,274.837718682,0.570256244679,16.2558570267,c1ccc2cc(ccc2c1)C(=O)O
Benzoic acid,4.19,122.123,4.30607360507,291.882646508,0.570948212658,16.5021578908,c1ccc(cc1)C(=O)O
Mefenamic acid,4.2,241.2851,2.01128933282,282.091422154,0.694910021438,8.12792851337,Cc1cccc(c1C)Nc2ccccc2C(=O)O
nan,4.2,405.14886972,6.50772897334,182.82312615,0.610655325904,17.2410604829,c1cc(ccc1CN2C(=O)[C@@H]3[C@@H]([N@]4CC[C@H]([C@H]4[C@@H]3C2=O)O)c5ccc(cc5)C#N)F
"b'4-[(3aS,4R,8aS,8bR)-2-[(4-fluorophenyl)methyl]-1,3-dioxo-4,6,7,8,8a,8b-hexahydro-3aH-pyrrolo[3,4-a]pyrrolizin-4-yl]-2-fluorobenzenecarboximidamide'",4.2,424.171082384,-5.74184986173,597.479253671,0.699191320688,9.60573369762,c1cc(ccc1CN2C(=O)[C@H]3[C@@H]4CCC[N@]4[C@H]([C@H]3C2=O)c5ccc(c(c5)F)C(=N)N)F
nan,4.2,436.19106888,0.848767783144,565.642569548,0.699493173136,8.86683110549,CO[C@H]1CC[N@]2[C@H]1[C@H]3[C@@H]([C@@H]2c4ccc(cc4)C(=N)N)C(=O)N(C3=O)Cc5ccc(cc5)F
"b'4-[(3aS,4R,8aS,8bR)-2-[(4-fluorophenyl)methyl]-1,3-dioxo-4,6,7,8,8a,8b-hexahydro-3aH-pyrrolo[3,4-a]pyrrolizin-4-yl]-3,5-difluorobenzenecarboximidamide'",4.2,442.161660572,-3.34682920336,608.095220009,0.706908496196,8.86683110549,c1cc(ccc1CN2C(=O)[C@H]3[C@@H]4CCC[N@]4[C@H]([C@H]3C2=O)c5c(cc(cc5F)C(=N)N)F)F
nan,4.2,458.06413282,3.15454733409,190.43209044,0.591808015713,18.2262639391,c1cc(ccc1CN2C(=O)[C@H]3[C@@H]4C[C@H](C[N@]4[C@H]([C@H]3C2=O)c5ccc(cc5)Br)O)F
nan,4.2,458.06413282,-0.861528089775,178.684795005,0.617604725763,16.7484587548,c1cc(ccc1CN2C(=O)[C@@H]3[C@@H]([N@@]4CC[C@@H]([C@H]4[C@@H]3C2=O)O)c5ccc(cc5)Br)F
Succinic acid,4.21,118.088,5.90484220185,970.091926251,0.578667437309,17.4873613469,C(CC(=O)O)C(=O)O
SM08,4.22,293.10519334,4.42200347687,331.640378356,0.713365427558,11.3298397459,Cc1ccc2c(c1)c(c(c(=O)[nH]2)CC(=O)O)c3ccccc3
b'2-(3-fluoro-4-phenylphenyl)propanoic acid',4.22,244.089957876,3.15287649787,267.817022123,0.5820912592,17.733662211,C[C@@H](c1ccc(c(c1)F)c2ccccc2)C(=O)O
1-naphthaleneacetic acid,4.23,186.2066,4.62070646919,292.295277279,0.574623407994,17.979963075,c1ccc2c(c1)cccc2CC(=O)O
3-Methylpentanedioic acid,4.24,146.0579088,10.9179508626,955.577280661,0.574354456855,17.2410604829,CC(CC(=O)O)CC(=O)O
3-Methyl-benzoic acid,4.25,136.052429496,2.57495441866,295.779377962,0.572813499114,16.7484587548,Cc1cccc(c1)C(=O)O
Acrylic Acid,4.26,72.0627,1.23900431262,315.961742912,0.585041284916,17.979963075,C=CC(=O)O
Oxaprozin,4.3,293.3166,2.2002556107,286.879997723,0.575645512381,16.5021578908,c1ccc(cc1)c2c(oc(n2)CCC(=O)O)c3ccccc3
Phenylethanoic acid,4.31,136.052429496,2.12450491443,287.219296272,0.569028458945,17.2410604829,c1ccc(cc1)CC(=O)O
Acetohexamide,4.31,324.11437812,0.149273796842,-1.41610578928,0.707107815132,13.5465475223,N([H])(C(=O)N([H])C1([H])C([H])([H])C([H])([H])C([H])([H])C([H])([H])C1([H])[H])S(=O)(=O)c1c([H])c([H])c(C(=O)C([H])([H])[H])c([H])c1[H]
Glutaric Acid,4.34,132.1146,8.89256873637,972.174491374,0.573676000053,17.4873613469,C(CC(=O)O)CC(=O)O
Hexanedioic acid,4.34,146.0579088,11.9459622576,885.295491571,0.577847198374,14.5317509784,C(CCC(=O)O)CC(=O)O
4-Methyl-benzoic acid,4.37,136.052429496,2.5879051234,287.904267648,0.574766415087,16.2558570267,Cc1ccc(cc1)C(=O)O
Aminocaproic acid,4.43,131.1729,12.2648662684,285.737031366,0.565416195556,14.7780518425,C(CCC(=O)O)CCN
trans-m-Methylcinnamic acid,4.44,162.06807956,1.35996791237,289.457335039,0.571548869977,16.5021578908,Cc1cccc(c1)/C=C/C(=O)O
b'(2R)-2-[4-(2-methylpropyl)phenyl]propanoic acid',4.44,206.130679816,2.96331411005,293.963355767,0.58471738122,15.7632552987,C[C@H](c1ccc(cc1)CC(C)C)C(=O)O
Ketoprofen,4.45,254.2806,2.12108494962,274.185788137,0.578205884708,14.7780518425,C[C@@H](c1cccc(c1)C(=O)c2ccccc2)C(=O)O
b'3-phenylprop-2-enoic acid\n(E)-3-phenylprop-2-enoic acid',4.45,148.052429496,1.40032017402,290.542550871,0.584984339864,16.2558570267,c1ccc(cc1)/C=C/C(=O)O
P-Anisic Acid,4.47,152.1473,2.47067089888,293.4752138,0.571191330373,16.5021578908,COc1ccc(cc1)C(=O)O
Fenoprofen,4.5,242.2699,3.28004994787,288.111418027,0.596096603593,14.5317509784,C[C@@H](c1cccc(c1)Oc2ccccc2)C(=O)O
Indomethacin,4.5,357.788,4.10850772379,281.130413261,0.57353424333,14.7780518425,Cc1c(c2cc(ccc2n1C(=O)c3ccc(cc3)Cl)OC)CC(=O)O
trans-o-Methylcinnamic acid,4.5,162.06807956,1.96598072788,294.388381663,0.586336500652,17.4873613469,Cc1ccccc1/C=C/C(=O)O
"b'4-[(3aS,4R,8aS,8bR)-2-[(4-fluorophenyl)methyl]-1,3-dioxo-4,6,7,8,8a,8b-hexahydro-3aH-pyrrolo[3,4-a]pyrrolizin-4-yl]benzenecarboximidamide'",4.5,406.180504196,-2.95778098561,583.323824094,0.703860343955,8.86683110549,c1cc(ccc1CN2C(=O)[C@H]3[C@@H]4CCC[N@]4[C@H]([C@H]3C2=O)c5ccc(cc5)C(=N)N)F
"b'Hexa-2,4-dienoic acid\n(4E)-hexa-2,4-dienoic acid'",4.5,112.052429496,1.25306284147,303.650095031,0.582603959303,17.979963075,C/C=C/C=C/C(=O)O
Pimelic Acid,4.51,160.1678,11.5640023934,886.883898318,0.575160873433,15.5169544346,C(CCC(=O)O)CCC(=O)O
Vanillic acid,4.51,167.1388,1.22951461832,-0.836184862109,0.60164671829,17.733662211,COc1cc(ccc1O)C(=O)[O-]
Octanedioic acid,4.52,174.089208928,17.5042867143,849.089766817,0.572861850362,15.0243527065,C(CCCC(=O)O)CCC(=O)O
4-Chlorobutanoic acid,4.52,122.013457144,0.576472814748,304.41637966,0.596020145641,14.5317509784,C(CC(=O)O)CCl
"2,5-Xylidine",4.53,121.1796,0.571201354179,-3.83295840025,0.713674365498,9.60573369762,Cc1ccc(c(c1)N)C
Azelaic acid,4.55,188.2209,16.8223799013,822.017816607,0.585641581192,16.0095561627,C(CCCC(=O)O)CCCC(=O)O
trans-p-Methylcinnamic acid,4.56,162.06807956,1.34949538643,283.758205661,0.575745339217,15.7632552987,Cc1ccc(cc1)/C=C/C(=O)O
5-phenylvaleric acid,4.56,178.099379688,-1.01825129097,313.972663617,0.579963120507,17.4873613469,c1ccc(cc1)CCCCC(=O)O
4-hydroxy-benzoic acid,4.58,138.031694052,2.46201173631,293.404117172,0.586844143848,16.2558570267,c1cc(ccc1C(=O)O)O
SM05,4.59,304.097855464,3.02355968559,6.08028331923,0.699470283701,11.0835388819,c1ccc(c(c1)NC(=O)c2ccc(o2)Cl)N3CCCCC3
Decanedioic acid,4.59,202.120509056,19.8455869169,804.596148847,0.562588661878,17.733662211,C(CCCCC(=O)O)CCCC(=O)O
Aniline,4.6,93.1265,0.785149738097,-2.77094092194,0.714624008252,10.5909371538,c1ccc(cc1)N
Minoxidil,4.61,209.2483,0.953500650274,-9.40295700056,0.707836171352,11.5761406099,c1c([n+](c(nc1N2CCCCC2)N)[O-])N
Laevulinic Acid,4.64,116.1152,3.94637162832,320.679434444,0.578252639943,14.7780518425,CC(=O)CCC(=O)O
Etodolac,4.65,287.3535,6.89633574854,304.459193761,0.71844096904,11.822441474,CCc1cccc2c1[nH]c3c2CCO[C@@]3(CC)CC(=O)O
Undecanedioic acid,4.65,216.13615912,5.69616951288,846.929949243,0.583345222643,15.0243527065,C(CCCCC(=O)O)CCCCC(=O)O
Dodecanedioic acid,4.65,230.151809184,20.1718068714,825.928860366,0.57202000213,15.5169544346,C(CCCCCC(=O)O)CCCCC(=O)O
Tridecanedioic acid,4.65,244.167459248,-6.79815820789,787.046412023,0.584940405212,15.5169544346,C(CCCCCC(=O)O)CCCCCC(=O)O
3-phenylpropionic acid,4.66,150.1745,1.00788232633,305.756303183,0.571411142857,17.4873613469,c1ccc(cc1)CCC(=O)O
2-Phenylbutyric acid,4.66,164.083729624,3.14475828146,296.028005127,0.576289377552,17.2410604829,CC[C@@H](c1ccccc1)C(=O)O
Sulindac,4.7,356.411,5.36793830976,269.960107655,0.574616265269,17.733662211,CC\1=C(c2cc(ccc2/C1=C\c3ccc(cc3)[S@@](=O)C)F)CC(=O)O
SM15,4.7,210.07931294,3.02909996162,-2.86081819741,0.594339245977,17.979963075,c1ccc2c(c1)ncn2c3ccc(cc3)O
"b'1-ethyl-4-oxo-[1,3]dioxolo[4,5-g]cinnoline-3-carboxylic acid'",4.7,262.05897142,2.45624974297,283.211930099,0.57531865628,14.7780518425,CCn1c2cc3c(cc2c(=O)c(n1)C(=O)O)OCO3
b'4-(4-methoxyphenyl)-4-oxobutanoic acid',4.7,208.073558864,2.02874950561,320.591466808,0.588049022911,14.7780518425,COc1ccc(cc1)C(=O)CCC(=O)O
Valsartan,4.73,435.5188,0.213321557124,730.464228145,0.713396921607,11.822441474,CCCCC(=O)N(Cc1ccc(cc1)c2ccccc2c3n[nH]nn3)[C@@H](C(C)C)C(=O)O
Niacin,4.75,123.1094,2.6024386793,284.326877268,0.587710020252,16.9947596189,c1cc(cnc1)C(=O)O
Chlorpropamide,4.75,276.033540956,3.8752756022,-7.93872559656,0.711255873408,13.3002466582,N([H])(C(=O)N([H])C([H])([H])C([H])([H])C([H])([H])[H])S(=O)(=O)c1c([H])c([H])c(Cl)c([H])c1[H]
Acetic acid,4.76,60.052,-1.41960273272,330.613298742,0.58296050085,17.4873613469,CC(=O)O
Isovaleric Acid,4.77,102.1317,1.18690659687,314.104863155,0.593525101137,17.2410604829,CC(C)CC(=O)O
"2,2-Dimethylpropanoic acid",4.78,102.06807956,-2.16904097113,312.46323492,0.577814251247,14.7780518425,CC(C)(C)C(=O)O
Axitinib,4.8,386.47,4.95773586181,-5.46675691597,0.72028580469,10.5909371538,CNC(=O)c1ccccc1Sc2ccc3c(c2)[nH]nc3/C=C/c4ccccn4
Chlordiazepoxide,4.8,299.755,0.389732612582,174.238539247,0.708037149841,10.5909371538,CNC1=Nc2ccc(cc2C(=[N+](C1)[O-])c3ccccc3)Cl
Valproic acid,4.8,144.2114,2.2939449078,304.697331379,0.577231975048,15.5169544346,CCCC(CCC)C(=O)O
2-Methylbutanoic acid,4.8,102.06807956,1.66970421251,305.858018946,0.58206919121,15.5169544346,CC[C@H](C)C(=O)O
3-Hydroxy-benzoic acid,4.8,138.031694052,2.82784496369,285.111666629,0.5991223676,16.5021578908,c1cc(cc(c1)O)C(=O)O
Bithionol,4.82,353.884261152,4.58380478322,0.471538459912,0.595298065304,17.2410604829,c1c(cc(c(c1Sc2cc(cc(c2O)Cl)Cl)O)Cl)Cl
Butyric Acid,4.82,88.1051,2.22560544831,317.560749647,0.573294267644,15.0243527065,CCCC(=O)O
2-Aminophenol,4.84,109.1259,1.92941903153,-6.71623631617,0.708738117353,9.60573369762,c1ccc(c(c1)N)O
Isobutyric acid,4.84,88.1051,0.939155179558,315.857579552,0.581364624319,16.7484587548,CC(C)C(=O)O
N-Valeric Acid,4.84,102.1317,2.26625774549,306.35708729,0.592330686094,17.733662211,CCCCC(=O)O
4-Methylpentanoic acid,4.84,116.083729624,2.01117323588,302.295298824,0.578507099236,14.5317509784,CC(C)CCC(=O)O
Hexanoic acid,4.87,116.083729624,2.26966945242,310.641542662,0.576499371405,15.5169544346,CCCCCC(=O)O
Propanoic acid,4.88,74.0785,1.57336823392,314.67390164,0.594296251831,16.2558570267,CCC(=O)O
Caprylic acid,4.89,144.2114,1.31668881274,312.231929557,0.591057346872,17.733662211,CCCCCCCC(=O)O
Heptanoic acid,4.89,130.099379688,2.26952462403,310.923210645,0.586646594416,17.2410604829,CCCCCCC(=O)O
Capric acid,4.9,172.2646,2.53202273262,309.809991445,0.584901208423,14.7780518425,CCCCCCCCCC(=O)O
Sumatriptan,4.9,295.4,2.62074395181,207.862727204,0.723177137062,12.068742338,CNS(=O)(=O)Cc1ccc2c(c1)c(c[nH]2)CCN(C)C
nan,4.9,490.199188952,0.522627853526,563.241098943,0.705209876413,8.86683110549,CO[C@@]1([C@H]2[C@@H]3CCC[N@@]3[C@H]([C@H]2C(=O)N1Cc4ccc(cc4)F)c5ccc(cc5)C(=N)N)C(F)(F)F
Hexachlorophene,4.95,403.849895512,6.57296620969,-8.21153552263,0.591689464405,18.4725648031,c1c(c(c(c(c1Cl)Cl)Cc2c(c(cc(c2Cl)Cl)Cl)O)O)Cl
Nonanoic acid,4.96,158.130679816,2.15274898636,300.47372366,0.571739679664,17.2410604829,CCCCCCCCC(=O)O
Sulfisoxazole,5.0,267.304,3.47603422555,0.220555829028,0.692619463696,14.0391492504,Cc1c(noc1NS(=O)(=O)c2ccc(cc2)N)C
Warfarin,5.0,308.3279,1.14231237198,187.437243201,0.6112881582,15.5169544346,CC(=O)C[C@H](c1ccccc1)c2c(c3ccccc3oc2=O)O
Oxyquinoline,5.017,145.158,1.49358945027,9.741656576,0.591688753074,18.4725648031,c1cc2cccnc2c(c1)O
SM02,5.03,289.08268198,0.0127749950537,-2.40038867375,0.699293211601,10.5909371538,c1ccc2c(c1)c(ncn2)Nc3cccc(c3)C(F)(F)F
Phenazopyridine,5.05,213.2385,-1.36139535566,-0.437780980566,0.708500281701,10.8372380178,c1ccc(cc1)/N=N/c2ccc(nc2N)N
Favipiravir,5.1,157.104,2.63496058949,17.2927681922,0.575370066013,17.733662211,c1c(nc(c(n1)O)C(=O)N)F
Tolfenamic acid,5.11,261.704,0.847541683552,277.634753378,0.714087981046,8.62053024145,Cc1c(cccc1Cl)Nc2ccccc2C(=O)O
Chlorpropamide,5.13,276.74,0.479514395475,-3.68116648928,0.712540509084,11.822441474,CCCNC(=O)NS(=O)(=O)c1ccc(cc1)Cl
"b'(2Z,4E,6E,8E)-3,7-dimethyl-9-(2,6,6-trimethyl-1-cyclohexenyl)nona-2,4,6,8-tetraenoic acid'",5.15,300.208930136,0.467076959916,275.271699862,0.581893331356,17.2410604829,CC1=C(C(CCC1)(C)C)/C=C/C(=C/C=C/C(=C\C(=O)O)/C)/C
Tolbutamide,5.16,270.348,-0.0794339982554,-4.47709737188,0.718097427214,11.822441474,CCCCNC(=O)NS(=O)(=O)c1ccc(cc1)C
Pioglitazone,5.19,356.439,15.5083770765,189.302611762,0.686145582929,10.8372380178,CCc1ccc(nc1)CCOc2ccc(cc2)C[C@@H]3C(=O)NC(=O)S3
nan,5.2,490.199188952,5.80641863657,548.950003574,0.714278319517,8.86683110549,CO[C@]1([C@H]2[C@@H]3CCC[N@@]3[C@H]([C@H]2C(=O)N1Cc4ccc(cc4)F)c5ccc(cc5)C(=N)N)C(F)(F)F
Glipizide,5.21,445.178375344,13.3463681934,-14.9851205189,0.71804768225,14.0391492504,N([H])(C(=O)N([H])C1([H])C([H])([H])C([H])([H])C([H])([H])C([H])([H])C1([H])[H])S(=O)(=O)c1c([H])c([H])c(C([H])([H])C([H])([H])N([H])C(=O)c2nc([H])c(C([H])([H])[H])nc2[H])c([H])c1[H]
Benzimidazole,5.3,118.1359,2.79467483177,-2.28920080181,0.716394816779,11.822441474,c1ccc2c(c1)[nH]cn2
Ibuprofen,5.3,206.2808,2.96331410127,284.021875006,0.581938696909,16.9947596189,C[C@@H](c1ccc(cc1)CC(C)C)C(=O)O
Lauric acid,5.3,200.3178,1.35417629661,306.64729796,0.573281902101,15.2706535706,CCCCCCCCCCCC(=O)O
Glibenclamide,5.3,493.143819676,14.7105688718,-26.1265261614,0.720621760279,13.5465475223,N([H])(C(=O)N([H])C1([H])C([H])([H])C([H])([H])C([H])([H])C([H])([H])C1([H])[H])S(=O)(=O)c1c([H])c([H])c(C([H])([H])C([H])([H])N([H])C(=O)c2c([H])c(Cl)c([H])c([H])c2OC([H])([H])[H])c([H])c1[H]
Glimepiride,5.32,490.224991188,3.77922480968,-7.25641488066,0.720567418955,13.0539457942,N([H])(C(=O)N([H])C1([H])C([H])([H])C([H])([H])C([H])(C([H])([H])[H])C([H])([H])C1([H])[H])S(=O)(=O)c1c([H])c([H])c(C([H])([H])C([H])([H])N([H])C(=O)N2C(=O)C(C([H])([H])C([H])([H])[H])=C(C([H])([H])[H])C2([H])[H])c([H])c1[H]
SM16,5.37,266.001368236,2.20716215383,2.64316593772,0.688782873438,12.068742338,c1cc(c(c(c1)Cl)C(=O)Nc2ccncc2)Cl
nan,5.4,135.035399528,0.596897557739,1.85449937957,0.72774250319,9.35943283357,C1CS(=O)(=O)CCN1
Sulfacetamide,5.4,214.04121318,-0.97177228218,-16.5625836574,0.721666503289,13.3002466582,N([H])(C(=O)C([H])([H])[H])S(=O)(=O)c1c([H])c([H])c(N([H])[H])c([H])c1[H]
Bromotheophylline,5.45,259.063,-1.06847407382,-2.28294926636,0.718962082278,12.5613440661,Cn1c2c(c(=O)n(c1=O)C)[nH]c(n2)Br
SM23,5.45,420.179755248,-0.69689353692,-0.573755362402,0.708844711236,8.62053024145,CCOC(=O)c1ccc(cc1)Nc2cc(nc(n2)Nc3ccc(cc3)C(=O)OCC)C
Losartan,5.5,422.911,9.75950097237,215.054712008,0.704782569204,11.822441474,CCCCc1nc(c(n1Cc2ccc(cc2)c3ccccc3c4n[nH]nn4)CO)Cl
nan,5.5,461.172639856,-6.31541741663,176.817674497,0.599161269618,16.9947596189,c1cc(ccc1C#N)[C@H]2[C@@H]3[C@H]([C@H]4[N@]2CCC4)[C@](N(C3=O)CC5=CC[C@@H](C=C5)F)(C(F)(F)F)O
Deflazacort,5.52,441.524,0.73046755547,1.2498169178,0.619803403456,17.2410604829,CC1=N[C@@]2([C@H](O1)C[C@@H]3[C@@]2(C[C@@H]([C@H]4[C@H]3CCC5=CC(=O)C=C[C@]45C)O)C)C(=O)COC(=O)C
Rilpivirine,5.6,366.4185,0.52838937616,-5.48277044561,0.717737695461,8.37422937741,Cc1cc(cc(c1Nc2ccnc(n2)Nc3ccc(cc3)C#N)C)/C=C/C#N
nan,5.6,375.15042928,3.50454178159,208.978564775,0.604593941704,16.5021578908,c1ccc(cc1)C[C@H]2CC[N@@](C[C@@H]2O)CCS(=O)(=O)c3ccc(cc3)O
"b'4-[(1S,3aS,4R,8aS,8bR)-1-(difluoromethyl)-2-[(4-fluorophenyl)methyl]-3-oxo-1,3a,4,6,7,8,8a,8b-octahydropyrrolo[3,4-a]pyrrolizin-4-yl]benzenecarboximidamide'",5.6,442.19804608,6.26968560612,561.713725683,0.703062933272,9.11313196953,c1cc(ccc1CN2[C@@H]([C@H]3[C@@H]4CCC[N@]4[C@H]([C@H]3C2=O)c5ccc(cc5)C(=N)N)C(F)F)F
nan,5.6,471.176976288,-0.0140208846147,155.905392411,0.607844448065,17.4873613469,COc1ccc(cc1)CN2C(=O)[C@@H]3[C@@H]([N@@]4CCC[C@H]4[C@@H]3[C@]2(C(F)(F)F)O)c5ccc(cc5)C#N
Lamotrigine,5.7,256.091,1.11672801966,-5.40132702395,0.702684565849,10.8372380178,c1cc(c(c(c1)Cl)Cl)c2c(nc(nn2)N)N
SM20,5.7,378.983669572,3.40126735502,181.563015108,0.690029000262,12.3150432021,c1cc(cc(c1)OCc2ccc(cc2Cl)Cl)/C=C/3\C(=O)NC(=O)S3
"b'2,2,2-trifluoroacetonitrile\n2,2,2-trifluoroethanamine'",5.7,99.029583788,0.675799428519,-1.31883096865,0.711427468077,10.8372380178,C(C(F)(F)F)N
"b'1-ethyl-6,8-difluoro-7-(3-methylpiperazin-1-yl)-4-oxoquinoline-3-carboxylic acid'",5.7425,351.139447908,-0.789660979163,299.096661513,0.712833979459,9.85203456166,CCn1cc(c(=O)c2c1c(c(c(c2)F)[N@]3CCN[C@@H](C3)C)F)C(=O)O
Chlorambucil,5.75,304.212,3.17263230704,293.183965825,0.572973499855,14.2854501144,c1cc(ccc1CCCC(=O)O)N(CCCl)CCCl
SM13,5.77,295.132076784,1.14030419926,-1.55344132458,0.714564290408,11.5761406099,Cc1cccc(c1)Nc2c3cc(c(cc3ncn2)OC)OC
Carbutamide,5.79,271.099062404,4.79460712425,167.991177302,0.713920358497,13.5465475223,N([H])(C(=O)N([H])C([H])([H])C([H])([H])C([H])([H])C([H])([H])[H])S(=O)(=O)c1c([H])c([H])c(N([H])[H])c([H])c1[H]
Benzthiazide,6.0,431.937,6.21590464165,-4.31057721079,0.709159242216,11.5761406099,c1ccc(cc1)CSCC2=Nc3cc(c(cc3S(=O)(=O)N2)S(=O)(=O)N)Cl
nan,6.0,418.216889704,6.09094532376,562.016761178,0.70941757484,8.12792851337,C=C[C@@H]1[C@H]2[C@@H]3CCC[N@@]3[C@H]([C@H]2C(=O)N1Cc4ccc(cc4)F)c5ccc(cc5)C(=N)N
nan,6.0,424.207467892,-4.78023954593,576.704435739,0.708617201679,9.11313196953,c1cc(ccc1CN2[C@@H]([C@H]3[C@@H]4CCC[N@]4[C@H]([C@H]3C2=O)c5ccc(cc5)C(=N)N)CF)F
nan,6.0,456.213696144,-0.598476236837,563.717348681,0.709324010227,9.35943283357,c1cc(ccc1CN2[C@@H]([C@H]3[C@@H]4CCC[N@]4[C@H]([C@H]3C2=O)c5ccc(cc5)C(=N)N)CC(F)F)F
SM04,6.02,269.071975064,-1.11120111631,-0.431607460986,0.731682660624,11.3298397459,c1ccc2c(c1)c(ncn2)NCc3ccc(cc3)Cl
Dansylamide,6.03,250.077598688,6.94728059232,-8.64226781411,0.710285065226,11.822441474,N([H])([H])S(=O)(=O)c1c([H])c([H])c([H])c2c(N(C([H])([H])[H])C([H])([H])[H])c([H])c([H])c([H])c12
SM07,6.08,235.110947416,-1.23816033563,1.90188291143,0.738536933709,9.85203456166,c1ccc(cc1)CNc2c3ccccc3ncn2
Ciprofloxacin,6.09,331.3415,1.31742722834,335.550946001,0.573524725978,15.5169544346,c1c2c(cc(c1F)N3CCNCC3)n(cc(c2=O)C(=O)O)C4CC4
Tafluprost,6.1,452.5313,11.5474087098,1.41601416213,0.607258254846,14.0391492504,CC(C)OC(=O)CCC/C=C\C[C@H]1[C@H](C[C@H]([C@@H]1/C=C/C(COc2ccccc2)(F)F)O)O
"b'2,2,2-trifluoro-N-methylethanamine'",6.1,113.045233852,-1.56923627407,-3.10496102,0.735930290897,11.3298397459,CNCC(F)(F)F
nan,6.1,438.223117956,5.37456476349,545.639457064,0.709025410201,8.37422937741,c1cc(ccc1CN2[C@@H]([C@H]3[C@@H]4CCC[N@]4[C@H]([C@H]3C2=O)c5ccc(cc5)C(=N)N)CCF)F
Physostigmine,6.12,275.3461,4.27991956474,187.670455477,0.714868177081,11.0835388819,C[C@@]12CC[N@@]([C@@H]1[N@](c3c2cc(cc3)OC(=O)NC)C)C
nan,6.2,432.232539768,1.17423565261,555.694231837,0.703834494427,8.12792851337,C=CC[C@@H]1[C@H]2[C@@H]3CCC[N@@]3[C@H]([C@H]2C(=O)N1Cc4ccc(cc4)F)c5ccc(cc5)C(=N)N
nan,6.2,434.248189832,1.97672511801,557.101350977,0.700646500506,9.11313196953,CCC[C@@H]1[C@H]2[C@@H]3CCC[N@@]3[C@H]([C@H]2C(=O)N1Cc4ccc(cc4)F)c5ccc(cc5)C(=N)N
"b'4-[(1R,3aS,4R,8aS,8bR)-2-[(4-chlorophenyl)methyl]-3-oxo-1-propan-2-yl-1,3a,4,6,7,8,8a,8b-octahydropyrrolo[4,3-a]pyrrolizin-4-yl]benzenecarboximidamide'",6.2,450.218639292,6.55793012676,555.402153332,0.703597701382,9.11313196953,CC(C)[C@@H]1[C@H]2[C@@H]3CCC[N@@]3[C@H]([C@H]2C(=O)N1Cc4ccc(cc4)Cl)c5ccc(cc5)C(=N)N
sulfamonomethoxine,6.22,280.063011244,1.76662071614,4.23551014998,0.688145825402,13.0539457942,N([H])(c1nc([H])nc(OC([H])([H])[H])c1[H])S(=O)(=O)c1c([H])c([H])c(N([H])[H])c([H])c1[H]
Levofloxacin,6.25,361.3675,0.490636946263,317.78773249,0.579777994804,14.7780518425,C[C@H]1COc2c3n1cc(c(=O)c3cc(c2N4CCN(CC4)C)F)C(=O)O
Oxetacaine,6.25,467.654,5.97202665396,177.689652886,0.590303032824,9.11313196953,CC(C)(Cc1ccccc1)N(C)C(=O)CN(CCO)CC(=O)N(C)C(C)(C)Cc2ccccc2
b'1-cyclopropyl-6-fluoro-4-oxo-7-piperazin-1-ylquinoline-3-carboxylic acid',6.25,331.133219656,0.995092866708,346.146713328,0.711545413444,10.5909371538,c1c2c(cc(c1F)N3CCNCC3)n(cc(c2=O)C(=O)O)C4CC4
flumequine,6.27,261.080121464,0.446609694949,284.366447989,0.583979114293,14.7780518425,C[C@H]1CCc2cc(cc3c2n1cc(c3=O)C(=O)O)F
Piroxicam,6.3,331.346,0.493485785141,-4.47422341282,0.600555434577,13.5465475223,C[N@]1C(=C(c2ccccc2S1(=O)=O)O)C(=O)Nc3ccccn3
nan,6.3,420.232539768,5.58469934752,551.268791033,0.705930045799,9.11313196953,CC[C@@H]1[C@H]2[C@@H]3CCC[N@@]3[C@H]([C@H]2C(=O)N1Cc4ccc(cc4)F)c5ccc(cc5)C(=N)N
"b'4-[(1R,3aS,4R,8aS,8bR)-2-[(4-methoxyphenyl)methyl]-3-oxo-1-propan-2-yl-1,3a,4,6,7,8,8a,8b-octahydropyrrolo[4,3-a]pyrrolizin-4-yl]benzenecarboximidamide'",6.3,446.268176328,4.72983965294,542.068949394,0.702369991494,8.62053024145,CC(C)[C@@H]1[C@H]2[C@@H]3CCC[N@]3[C@H]([C@H]2C(=O)N1Cc4ccc(cc4)OC)c5ccc(cc5)C(=N)N
Ergocalciferol,6.35,396.6484,3.53658770259,-1.06478185764,0.595816638492,16.7484587548,C[C@H](/C=C/[C@H](C)C(C)C)[C@H]1CC[C@@H]\2[C@@]1(CCC/C2=C\C=C/3\C[C@H](CCC3=C)O)C
Sulfadiazine,6.36,250.277,2.84015139602,187.755878742,0.720571823834,10.8372380178,c1cnc(nc1)NS(=O)(=O)c2ccc(cc2)N
Besifloxacin,6.5,393.84,0.943331077529,378.073947904,0.71241193789,9.35943283357,c1c2c(c(c(c1F)[N@]3CCCC[C@H](C3)N)Cl)n(cc(c2=O)C(=O)O)C4CC4
"b'(3S,4S)-1-[2-(4-hydroxyphenyl)sulfonylethyl]-4-(phenylmethyl)piperidin-3-ol'",6.5,375.15042928,7.34570924555,215.359201536,0.602346205353,15.5169544346,c1ccc(cc1)C[C@H]2CC[N@@](C[C@H]2O)CCS(=O)(=O)c3ccc(cc3)O
nan,6.5,434.248189832,3.88918732692,545.533843419,0.699292219412,9.60573369762,CC(C)[C@@H]1[C@H]2[C@@H]3CCC[N@@]3[C@H]([C@H]2C(=O)N1Cc4ccc(cc4)F)c5ccc(cc5)C(=N)N
Doxazosin,6.52,451.4751,-3.05195870487,-13.5701828481,0.71213600424,9.60573369762,COc1cc2c(cc1OC)nc(nc2N)N3CCN(CC3)C(=O)[C@H]4COc5ccccc5O4
sulfadiazine,6.52,250.05244656,1.25830371377,192.294663262,0.703416573867,13.5465475223,N([H])(c1nc([H])c([H])c([H])n1)S(=O)(=O)c1c([H])c([H])c(N([H])[H])c([H])c1[H]
Prazosin,6.54,383.4011,5.95973475105,2.3360897054,0.71101045161,9.11313196953,COc1cc2c(cc1OC)nc(nc2N)N3CCN(CC3)C(=O)c4ccco4
sulfamethoxydiazine,6.63,280.063011244,1.20721258105,183.580202256,0.70395510772,14.7780518425,N([H])(c1nc([H])c(OC([H])([H])[H])c([H])n1)S(=O)(=O)c1c([H])c([H])c(N([H])[H])c([H])c1[H]
"b'3-[2,2-difluoro-3-[4-(phenylmethyl)piperidin-1-yl]propyl]-5-(1,2,4-triazol-4-yl)-1H-indole'",6.7,435.223452304,0.677197389118,1.07092457627,0.710631945076,12.3150432021,c1ccc(cc1)CC2CCN(CC2)CC(Cc3c[nH]c4c3cc(cc4)n5cnnc5)(F)F
"2,4,6-Tribromophenol",6.8,327.773401016,3.97678172225,236.175583575,0.579496637841,18.7188656671,c1c(cc(c(c1Br)O)Br)Br
b'4-[2-[4-(phenylmethyl)piperidin-1-yl]ethylsulfonyl]phenol',6.8,359.15551466,4.27771939647,212.293693881,0.579554448823,18.2262639391,c1ccc(cc1)CC2CCN(CC2)CCS(=O)(=O)c3ccc(cc3)O
Sulfanilamide,6.92,172.030648496,0.734399362013,2.26132464644,0.698857571862,11.5761406099,N([H])([H])S(=O)(=O)c1c([H])c([H])c(N([H])[H])c([H])c1[H]
1-Methylimidazole,6.95,83.1118,-0.0497005026237,-0.763702373828,0.712301903975,12.3150432021,Cn1cc[nH+]c1
Imidazole,6.95,68.0773,2.4394661762,-2.38956754711,0.709958852554,12.8076449302,c1cnc[nH]1
sulfadimethoxine,7.02,310.073575928,-0.997823039752,3.11060463179,0.690570274113,13.7928483863,N([H])(c1nc(OC([H])([H])[H])nc(OC([H])([H])[H])c1[H])S(=O)(=O)c1c([H])c([H])c(N([H])[H])c([H])c1[H]
Alectinib,7.05,482.6166,7.34540180494,197.79676318,0.718763454325,11.822441474,CCc1cc2c(cc1N3CCC(CC3)N4CCOCC4)C(c5c(c6ccc(cc6[nH]5)C#N)C2=O)(C)C
Quetiapine,7.06,383.507,-3.87418836555,574.21532212,0.598315017183,17.2410604829,c1ccc2c(c1)C(=Nc3ccccc3S2)N4CCN(CC4)CCOCCO
sulfamerazine,7.06,264.068096624,1.30480931039,191.024905118,0.710685714848,13.7928483863,N([H])(c1nc([H])c([H])c(C([H])([H])[H])n1)S(=O)(=O)c1c([H])c([H])c(N([H])[H])c([H])c1[H]
Dexmedetomidine,7.1,200.2795,1.51481544677,0.490907846631,0.71162867774,11.822441474,Cc1cccc(c1C)[C@H](C)c2c[nH]cn2
Vemurafenib,7.1,489.922,7.56273982934,4.83557536191,0.70127501743,13.7928483863,CCCS(=O)(=O)Nc1ccc(c(c1F)C(=O)c2c[nH]c3c2cc(cn3)c4ccc(cc4)Cl)F
Trimethoprim,7.12,290.3177,2.07355489148,-3.04444538716,0.700739589815,10.8372380178,COc1cc(cc(c1OC)OC)Cc2cnc(nc2N)N
P-Nitrophenol,7.15,139.1088,4.89982310833,229.057683524,0.583366312314,17.733662211,c1cc(ccc1[N+](=O)[O-])O
sulfamethoxypyridazine,7.17,280.063011244,0.33791517356,-8.28882671245,0.689805441514,13.7928483863,N([H])(c1nnc(OC([H])([H])[H])c([H])c1[H])S(=O)(=O)c1c([H])c([H])c(N([H])[H])c([H])c1[H]
Nitrofurantoin,7.2,238.159,3.15996144306,3.21914039832,0.706403331879,13.0539457942,c1cc(oc1/C=N/N2CC(=O)NC2=O)[N+](=O)[O-]
Phenelzine,7.25,136.1943,1.49706442211,-2.60864399224,0.712933744687,10.3446362897,c1ccc(cc1)CCNN
Hydralazine,7.3,160.1759,1.45286719809,-5.89134280828,0.73953544553,12.3150432021,c1ccc2c(c1)cnnc2NN
Methazolamide,7.3,236.26,3.8976985607,-12.999575509,0.699962136414,12.8076449302,CC(=O)N=c1n(nc(s1)S(=O)(=O)N)C
Phenobarbital,7.3,232.2353,0.0347016095514,-2.89908098467,0.700825681449,12.8076449302,CCC1(C(=O)NC(=O)NC1=O)c2ccccc2
"b'2,2-difluoroethanamine'",7.3,81.0390056,0.113230363495,-4.42625500454,0.716816017831,10.5909371538,C(C(F)F)N
"b'1,1,1-trifluoro-3-(phenylmethylamino)propan-2-ol'",7.3,219.087098664,3.75445235649,-7.29542851001,0.605777100139,17.2410604829,c1ccc(cc1)CNC[C@H](C(F)(F)F)O
Pyrimethamine,7.34,248.711,0.514776499943,-4.48103848843,0.708609557268,11.0835388819,CCc1c(c(nc(n1)N)N)c2ccc(cc2)Cl
sulfamethazine,7.37,278.083746688,1.26368047027,182.53433058,0.700088882151,13.5465475223,N([H])(c1nc(C([H])([H])[H])c([H])c(C([H])([H])[H])n1)S(=O)(=O)c1c([H])c([H])c(N([H])[H])c([H])c1[H]
Palbociclib,7.4,447.5328,-1.55539053113,241.005393938,0.704247059973,11.0835388819,Cc1c2cnc(nc2n(c(=O)c1C(=O)C)C3CCCC3)Nc4ccc(cn4)N5CCNCC5
"b'3,3-difluoropiperidine'",7.4,121.070305728,0.401893720726,0.866638066144,0.715494341209,11.822441474,C1CC(CNC1)(F)F
b'1-(4-methylphenyl)sulfonylpiperazine',7.4,240.093248752,1.7135651754,255.967862134,0.720867706678,10.8372380178,Cc1ccc(cc1)S(=O)(=O)N2CCNCC2
nan,7.4,298.010560452,2.3761604148,166.121899648,0.706047333819,9.35943283357,c1ccc(cc1)c2cc(c3cc(ccc3n2)Br)N
nan,7.4,254.061076032,1.07238067797,168.598859698,0.70373761404,9.35943283357,c1ccc(cc1)c2cc(c3cc(ccc3n2)Cl)N
sulfisomidine,7.4,278.083746688,-0.0197628538345,-4.13953372537,0.699019805585,13.3002466582,N([H])(c1nc(C([H])([H])[H])nc(C([H])([H])[H])c1[H])S(=O)(=O)c1c([H])c([H])c(N([H])[H])c([H])c1[H]
Droperidol,7.46,379.4274,-5.08458293571,151.132753281,0.703265658781,11.822441474,c1ccc2c(c1)[nH]c(=O)n2C3=CC[N@@](CC3)CCCC(=O)c4ccc(cc4)F
Thiamylal,7.48,254.349,1.88680534258,2.92241050032,0.702178694157,12.3150432021,CCC[C@@H](C)C1(C(=O)NC(=S)NC1=O)CC=C
Clozapine,7.5,326.823,2.82600027056,605.110862789,0.730599428059,11.3298397459,CN1CCN(CC1)C2=Nc3cc(ccc3Nc4c2cccc4)Cl
Esketamine,7.5,237.73,-0.37246017921,202.29281927,0.722241125743,9.85203456166,CN[C@@]1(CCCCC1=O)c2ccccc2Cl
"b'3,3-difluoropyrrolidine'",7.5,107.054655664,1.00428829031,1.55817533965,0.729917028478,11.3298397459,C1CNCC1(F)F
Dichlorophenamide,7.52,303.914604032,0.984733085102,6.34694812937,0.709607405157,12.8076449302,N([H])([H])S(=O)(=O)c1c([H])c(S(=O)(=O)N([H])[H])c([H])c(Cl)c1Cl
Thiopental,7.55,242.338,-0.581574565223,-2.62977214521,0.714457581332,12.3150432021,CCC[C@H](C)C1(C(=O)NC(=S)NC1=O)CC
Sulfamethazine,7.59,278.33,1.24654568867,191.819680293,0.718321381166,13.5465475223,Cc1cc(nc(n1)NS(=O)(=O)c2ccc(cc2)N)C
Aripiprazole,7.6,448.385,8.95578997276,198.963613604,0.717658291175,12.5613440661,c1cc(c(c(c1)Cl)Cl)N2CCN(CC2)CCCCOc3ccc4c(c3)NC(=O)CC4
Nalmefene,7.6,339.435,3.89735202994,163.928915754,0.606307020623,18.4725648031,C=C1CC[C@]2([C@H]3Cc4ccc(c5c4[C@]2([C@H]1O5)CC[N@]3CC6CC6)O)O
b'ethyl 2-aminoacetate',7.6,103.063328528,-0.465599564435,277.457228286,0.70298881201,10.5909371538,CCOC(=O)CN
P-Hydroxybenzaldehyde,7.61,122.1213,2.89313613807,-8.1104380521,0.584370851347,16.9947596189,c1cc(ccc1C=O)O
clozapine,7.63,326.129824288,1.94453430219,147.704446387,0.712459884504,10.3446362897,CN1CCN(CC1)C2=c3ccccc3=Nc4ccc(cc4N2)Cl
Voxelotor,7.67,337.379,5.14978236123,-6.73937588042,0.619674754387,17.4873613469,CC(C)n1c(ccn1)c2c(cccn2)COc3cccc(c3C=O)O
Mepivacaine,7.7,246.348,-5.81823379269,171.130308551,0.713155892694,8.37422937741,Cc1cccc(c1NC(=O)[C@H]2CCCC[N@]2C)C
"b'2-amino-N-(2,6-dimethylphenyl)acetamide'",7.7,178.110613068,-10.0059138822,251.215139038,0.710165497191,8.37422937741,Cc1cccc(c1NC(=O)CN)C
Brimonidine,7.78,292.135,0.570611179294,166.166838947,0.693551335928,10.8372380178,c1cc(c(c2c1nccn2)Br)NC3=NCCN3
Talbutal,7.79,224.2563,2.97872911961,-11.4543513878,0.711847784464,11.0835388819,CC[C@@H](C)C1(C(=O)NC(=O)NC1=O)CC=C
Lysergic acid diethylamide,7.8,323.432,1.99943626789,167.5141168,0.714883075883,12.3150432021,CCN(CC)C(=O)[C@H]1C[N@]([C@@H]2Cc3c[nH]c4c3c(ccc4)C2=C1)C
Methylphenobarbital,7.8,246.2619,0.678952063859,3.36748942493,0.705300881323,12.3150432021,CC[C@@]1(C(=O)NC(=O)N(C1=O)C)c2ccccc2
Secobarbital,7.8,238.2829,3.01638088662,-10.5133315715,0.6985808209,11.5761406099,CCC[C@@H](C)C1(C(=O)NC(=O)NC1=O)CC=C
b'2-phenylsulfonylethanamine',7.8,185.051049592,0.386539064878,0.776821770093,0.718672105206,9.60573369762,c1ccc(cc1)S(=O)(=O)CCN
Amobarbital,7.84,226.2722,0.834608029164,-0.84544611189,0.705007963609,12.5613440661,CCC1(C(=O)NC(=O)NC1=O)CCC(C)C
Butobarbital,7.86,212.2456,1.19477107399,2.43661361245,0.716243502487,12.068742338,CCCCC1(C(=O)NC(=O)NC1=O)CC
Azathioprine,7.87,277.263,0.149961801428,17.0990350106,0.719525928884,12.3150432021,Cn1cnc(c1Sc2c3c(nc[nH]3)ncn2)[N+](=O)[O-]
Domperidone,7.9,425.911,0.107702063402,187.169838536,0.703194510633,12.3150432021,c1ccc2c(c1)[nH]c(=O)n2CCCN3CCC(CC3)n4c5ccc(cc5[nH]c4=O)Cl
Fluphenazine,7.9,437.522,-2.4124935277,214.431053917,0.605942856218,16.5021578908,c1ccc2c(c1)N(c3cc(ccc3S2)C(F)(F)F)CCCN4CCN(CC4)CCO
Triclosan,7.9,289.542,5.12306400069,3.16217372141,0.598031279369,17.733662211,c1cc(c(cc1Cl)O)Oc2ccc(cc2Cl)Cl
b'1-piperazin-1-ylethanone',7.9,128.094963004,1.09829497571,230.195433167,0.721409967903,10.3446362897,CC(=O)N1CCNCC1
"b'2,2,6,6-tetramethylpiperidin-4-one'",7.9,155.131014164,0.76793806842,224.034082096,0.725437782779,10.8372380178,CC1(CC(=O)CC(N1)(C)C)C
nan,7.9,354.194342692,2.74126406881,179.140129869,0.612988993569,14.2854501144,CC[C@@]12CCC[N@@]3[C@H]1c4c(c5ccccc5n4[C@](C2)(C(=O)OC)O)CC3
domperidone,7.9,425.161852688,3.71646472646,209.217153047,0.711514334215,12.068742338,c1ccc2c(c1)[nH]c(=O)n2CCCN3CCC(CC3)n4c5ccc(cc5[nH]c4=O)Cl
Perphenazine,7.94,403.969,2.44473198284,211.284330555,0.609784774454,16.9947596189,c1ccc2c(c1)N(c3cc(ccc3S2)Cl)CCCN4CCN(CC4)CCO
naloxone,7.94,327.147058152,-0.143665772445,198.573466585,0.614632283524,17.4873613469,C=CC[N@]1CC[C@]23c4c5ccc(c4O[C@H]2C(=O)CC[C@@]3([C@H]1C5)O)O
Aprobarbital,7.99,210.2298,2.18253614718,-10.6842477545,0.701970251561,12.3150432021,CC(C)C1(C(=O)NC(=O)NC1=O)CC=C
"b'4-(3,4-dichlorophenyl)-N-methyl-1,2,3,4-tetrahydronaphthalen-1-amine'",8.0,305.073804904,-0.76746714467,203.598482858,0.717742045078,8.62053024145,CN[C@H]1CC[C@@H](c2c1cccc2)c3ccc(c(c3)Cl)Cl
Lidocaine,8.01,234.3373,-6.82082782906,182.417663505,0.69972500573,10.5909371538,CCN(CC)CC(=O)Nc1c(cccc1C)C
Metharbital,8.01,198.2191,-0.698970085581,-1.67939345078,0.700364394037,11.822441474,CCC1(C(=O)NC(=O)N(C1=O)C)CC
Fluorouracil,8.02,130.0772,0.461214873806,-9.79346908535,0.703576438665,11.5761406099,c1c(c(=O)[nH]c(=O)[nH]1)F
Oxybutynin,8.04,357.4864,3.6879428965,195.077494077,0.591308687892,13.5465475223,CCN(CC)CC#CCOC(=O)[C@](c1ccccc1)(C2CCCCC2)O
Clonidine,8.05,230.094,-0.739165591507,151.40945782,0.708163158713,12.3150432021,c1cc(c(c(c1)Cl)NC2=NCCN2)Cl
Procaine,8.05,236.3101,1.1661036592,185.922028229,0.713480584861,10.5909371538,CCN(CC)CCOC(=O)c1ccc(cc1)N
Proflavine,8.06,209.2465,0.783016922514,-1.39352703911,0.712779059723,10.5909371538,c1cc(cc2c1cc3ccc(cc3n2)N)N
Ropivacaine,8.07,274.4011,-8.92848976795,154.415977421,0.696862637908,8.37422937741,CCC[N@]1CCCC[C@H]1C(=O)Nc2c(cccc2C)C
Methazolamide,8.09,236.003782116,2.46977837133,-15.5561219595,0.706076471136,12.068742338,N([H])([H])S(=O)(=O)c1nn(C([H])([H])[H])c(=NC(=O)C([H])([H])[H])s1
Bupivacaine,8.1,288.4277,-1.82996183004,163.964324176,0.70897390499,9.60573369762,CCCC[N@]1CCCC[C@H]1C(=O)Nc2c(cccc2C)C
"b'1,1,1-trifluoro-3-piperidin-1-ylpropan-2-ol'",8.1,197.102748728,2.67071959576,-5.67573102427,0.605320288666,16.7484587548,C1CCN(CC1)C[C@H](C(F)(F)F)O
"b'5,6-dihydrobenzo[c]acridin-7-amine'",8.1,246.115698448,-0.282773024202,155.148842522,0.706270905076,8.86683110549,c1ccc-2c(c1)CCc3c2nc4ccccc4c3N
Pentobarbital,8.11,226.2722,4.81947986001,-0.561115335986,0.701636197798,13.0539457942,CCC[C@H](C)C1(C(=O)NC(=O)NC1=O)CC
Barbital,8.14,184.1925,1.0035121584,-9.51486215884,0.695750094826,11.5761406099,CCC1(C(=O)NC(=O)NC1=O)CC
nan,8.15,199.120843404,4.2570785489,214.281205593,0.603601345834,16.2558570267,C[N@]1[C@H]2CC[C@@H]1[C@@H]([C@H](C2)O)C(=O)OC
Oxymorphone,8.17,301.3371,-0.221350341822,193.040195803,0.607581541268,16.7484587548,C[N@]1CC[C@]23c4c5ccc(c4O[C@H]2C(=O)CC[C@]3([C@H]1C5)O)O
butorphanol,8.19,327.219829168,3.20620215239,139.928562855,0.583970445581,17.733662211,c1cc2c(cc1O)[C@@]34CCCC[C@]3([C@@H](C2)[N@@](CC4)CC5CCC5)O
Codeine,8.2,299.3642,4.25612459674,192.382332037,0.612378213802,16.0095561627,C[N@@]1CC[C@]23c4c5ccc(c4O[C@H]2[C@H](C=C[C@H]3[C@H]1C5)O)OC
Dolutegravir,8.2,419.3788,-5.03803429148,203.242175682,0.707232082073,11.3298397459,C[C@@H]1CCO[C@@H]2N1C(=O)c3c(c(=O)c(cn3C2)C(=O)NCc4ccc(cc4F)F)O
Hexobarbital,8.2,236.267,2.79392374056,-0.608606736597,0.701945239264,12.068742338,C[C@@]1(C(=O)NC(=O)N(C1=O)C)C2=CCCCC2
Hydromorphone,8.2,285.3377,0.337166165948,194.908854029,0.603896195217,16.7484587548,C[N@]1CC[C@]23c4c5ccc(c4O[C@H]2C(=O)CC[C@H]3[C@H]1C5)O
b'Ethyl piperazine-1-carboxylate',8.2,158.105527688,1.05404066339,235.030354805,0.704017984281,11.3298397459,CCOC(=O)N1CCNCC1
Morphine,8.21,285.3377,3.99375176989,191.459252557,0.608223132469,18.2262639391,C[N@]1CC[C@]23c4c5ccc(c4O[C@H]2[C@H](C=C[C@H]3[C@H]1C5)O)O
b'N-(2-dimethylaminoethyl)-2-phenylquinoline-4-carboxamide',8.3,319.168462292,0.592430810754,185.84120631,0.706859271071,10.5909371538,CN(C)CCNC(=O)c1cc(nc2c1cccc2)c3ccccc3
Buprenorphine,8.31,467.6401,2.06860260831,165.203363629,0.595112704448,11.0835388819,C[C@]([C@H]1C[C@@]23CC[C@@]1([C@H]4[C@@]25CC[N@]([C@@H]3Cc6c5c(c(cc6)O)O4)CC7CC7)OC)(C(C)(C)C)O
galanthamine,8.32,287.152143532,2.48870882036,175.551971224,0.603615638641,15.2706535706,C[N@]1CC[C@@]23C=C[C@@H](C[C@@H]2Oc4c3c(ccc4OC)C1)O
Phenytoin,8.33,252.268,1.99283558918,-4.26869539377,0.703310790544,13.0539457942,c1ccc(cc1)C2(C(=O)NC(=O)N2)c3ccccc3
b'2-(tert-butylamino)-1-(3-chlorophenyl)propan-1-one',8.35,239.107691876,0.551507807723,201.864606415,0.743650625424,7.63532678528,C[C@@H](C(=O)c1cccc(c1)Cl)NC(C)(C)C
Salicylamide,8.37,137.136,2.80673259657,18.1923699262,0.69888947137,8.37422937741,c1ccc(c(c1)C(=O)N)O
b'(2-phenylquinolin-4-yl)methanamine',8.372,234.115698448,-0.285574102635,240.745771841,0.704013640859,11.0835388819,c1ccc(cc1)c2cc(c3ccccc3n2)CN
Sulfapyridine,8.43,249.289,0.0711902779489,2.56349754946,0.710479308097,11.3298397459,c1ccnc(c1)NS(=O)(=O)c2ccc(cc2)N
sulfapyridine,8.43,249.057197592,0.0487481914621,-3.55031441746,0.688221721452,14.0391492504,N([H])(c1nc([H])c([H])c([H])c1[H])S(=O)(=O)c1c([H])c([H])c(N([H])[H])c([H])c1[H]
o-Bromophenol,8.45,173.007,2.30407357797,3.32534092707,0.584256549933,17.979963075,c1ccc(c(c1)O)Br
"b""(Z)-N-[2-[[5-(dimethylaminomethyl)furan-2-yl]methylsulfanyl]ethyl]-N'-methyl-2-nitroethene-1,1-diamine""",8.47,314.141261564,3.00384327855,573.482522917,0.711802351714,11.822441474,CN/C(=C/[N+](=O)[O-])/NCCSCc1ccc(o1)CN(C)C
Prucalopride,8.5,367.87,1.34931265811,191.824897448,0.721406629639,10.0983354257,COCCCN1CCC(CC1)NC(=O)c2cc(c(c3c2OCC3)N)Cl
b'Morpholine',8.5,87.068413908,0.845620046933,242.526799948,0.719709956991,11.0835388819,C1COCCN1
"b'4,4-difluoropiperidine'",8.5,121.070305728,0.5523478839,253.765755762,0.733242507956,10.5909371538,C1CNCCC1(F)F
b'N-(2-dimethylaminoethyl)benzamide',8.5,192.126263132,-1.3265875467,214.308827904,0.724666370368,10.8372380178,CN(C)CCNC(=O)c1ccccc1
b'2-dimethylaminoethyl 4-butylaminobenzoate',8.5,264.183778008,0.606022242544,198.807323341,0.728205268664,9.85203456166,CCCCNc1ccc(cc1)C(=O)OCCN(C)C
Clofazimine,8.51,473.396,-1.06795486938,-4.12910536584,0.701413605182,9.35943283357,CC(C)N=c1cc-2n(c3ccccc3nc2cc1Nc4ccc(cc4)Cl)c5ccc(cc5)Cl
Mephenytoin,8.51,218.2518,2.1584273834,1.84403815378,0.712572485781,8.86683110549,CC[C@]1(C(=O)N(C(=O)N1)C)c2ccccc2
oxycodone,8.53,315.147058152,2.33240337248,182.635888281,0.603557169804,16.5021578908,C[N@@]1CC[C@]23c4c5ccc(c4O[C@H]2C(=O)CC[C@]3([C@H]1C5)O)OC
Levamlodipine,8.6,408.88,7.80821460666,300.129912635,0.712769201069,9.85203456166,CCOC(=O)C1=C(NC(=C([C@@H]1c2ccccc2Cl)C(=O)OC)C)COCCN
Nalidixic acid,8.6,232.2353,2.30458567186,292.703243135,0.575689705507,14.7780518425,CCn1cc(c(=O)c2c1nc(cc2)C)C(=O)O
b'1-(4-tert-butylphenyl)-4-[4-[hydroxy-di(phenyl)methyl]piperidin-1-yl]butan-1-ol',8.6,471.313729552,6.64137679527,144.115913655,0.599286906143,13.3002466582,CC(C)(C)c1ccc(cc1)[C@@H](CCCN2CCC(CC2)C(c3ccccc3)(c4ccccc4)O)O
Pimozide,8.63,461.5462,5.51325191632,178.169341757,0.701476476435,12.068742338,c1ccc2c(c1)[nH]c(=O)n2C3CCN(CC3)CCCC(c4ccc(cc4)F)c5ccc(cc5)F
Haloperidol,8.66,375.864,5.70160850431,175.398347986,0.601902510134,15.7632552987,c1cc(ccc1C(=O)CCCN2CCC(CC2)(c3ccc(cc3)Cl)O)F
"b'8-[4,4-bis(4-fluorophenyl)butyl]-1-phenyl-1,3,8-triazaspiro[4.5]decan-4-one'",8.66,475.243519052,-4.13980124513,177.375262021,0.700085961373,11.0835388819,c1ccc(cc1)[N@]2CNC(=O)C23CCN(CC3)CCCC(c4ccc(cc4)F)c5ccc(cc5)F
Dimethyltryptamine,8.68,188.2688,2.19443719534,200.697080926,0.715288934435,12.068742338,CN(C)CCc1c[nH]c2c1cccc2
Acetohydroxamic acid,8.7,75.0666,0.0399488831857,-9.24062000952,0.720846018217,11.0835388819,CC(=O)NO
Topiramate,8.7,339.362,-2.20183704158,-10.5298791843,0.711600952133,11.822441474,CC1(O[C@@H]2CO[C@@]3([C@H]([C@@H]2O1)OC(O3)(C)C)COS(=O)(=O)N)C
"b'3,3,3-trifluoropropan-1-amine'",8.7,113.045233852,-0.0418461790161,-2.48017738329,0.711350029489,10.8372380178,C(CN)C(F)(F)F
"b'3-[2-fluoro-3-[4-(phenylmethyl)piperidin-1-yl]propyl]-5-(1,2,4-triazol-4-yl)-1H-indole'",8.7,417.232874116,8.04946770566,188.090795914,0.706303157142,12.068742338,c1ccc(cc1)CC2CCN(CC2)C[C@@H](Cc3c[nH]c4c3cc(cc4)n5cnnc5)F
b'6-methoxy-2-phenylquinolin-4-amine',8.7,250.110613068,2.44243464854,156.281168154,0.704148602877,8.86683110549,COc1ccc2c(c1)c(cc(n2)c3ccccc3)N
"b'8-chloro-6-piperazin-1-ylbenzo[b][1,5]benzoxazepine'",8.71,313.098189812,-0.352673463401,640.16639788,0.730453275692,11.0835388819,c1ccc2c(c1)N=C(c3cc(ccc3O2)Cl)N4CCNCC4
Diazoxide,8.74,230.671,3.72953034718,-5.48804993652,0.707108933533,12.5613440661,CC1=NS(=O)(=O)c2cc(ccc2N1)Cl
Roflumilast,8.74,403.207,-6.79202076674,1.63770604778,0.715354766605,11.0835388819,c1cc(c(cc1C(=O)Nc2c(cncc2Cl)Cl)OCC3CC3)OC(F)F
b'1-cyclopropyl-6-fluoro-8-methoxy-7-(3-methylpiperazin-1-yl)-4-oxoquinoline-3-carboxylic acid',8.74,375.159434404,2.51810051953,312.467314154,0.734009901534,10.8372380178,C[C@@H]1C[N@](CCN1)c2c(cc3c(c2OC)n(cc(c3=O)C(=O)O)C4CC4)F
nan,8.75,301.167793596,1.28300922944,190.368259037,0.608592304328,16.0095561627,C[N@@]1CC[C@]23c4c5ccc(c4O[C@H]2[C@H](CC[C@H]3[C@H]1C5)O)OC
periciazine,8.76,379.17183342,7.0903961154,196.019261326,0.59500909713,16.7484587548,c1ccc2c(c1)N(c3cc(ccc3S2)C#N)CCCCN4CCC(CC4)O
Trimethobenzamide,8.78,388.4574,0.0628599452086,207.693249385,0.726582452567,8.86683110549,CN(C)CCOc1ccc(cc1)CNC(=O)c2cc(c(c(c2)OC)OC)OC
Indapamide,8.8,365.835,4.25382813159,-10.6522460918,0.720032048574,10.8372380178,C[C@H]1Cc2ccccc2[N@]1NC(=O)c3ccc(c(c3)S(=O)(=O)N)Cl
"b'3-amino-N-(2,6-dimethylphenyl)propanamide'",8.8,192.126263132,-12.7821920999,251.684879608,0.70451819126,9.60573369762,Cc1cccc(c1NC(=O)CCN)C
nan,8.8,193.126677732,0.259934479932,237.252544821,0.740832193671,10.0983354257,c1ccc(cc1)C[C@@H]2CCNC[C@H]2F
"b'3-[3-[4-fluoro-4-(phenylmethyl)piperidin-1-yl]propyl]-5-(1,2,4-triazol-4-yl)-1H-indole'",8.8,417.232874116,1.95235963713,189.99456206,0.715590278458,12.068742338,c1ccc(cc1)CC2(CCN(CC2)CCCc3c[nH]c4c3cc(cc4)n5cnnc5)F
"b'6,8-difluoro-1-(2-fluoroethyl)-7-(4-methylpiperazin-1-yl)-4-oxoquinoline-3-carboxylic acid'",8.8,369.130026096,-0.0441150725265,302.392395708,0.585689785017,15.0243527065,CN1CCN(CC1)c2c(cc3c(c2F)n(cc(c3=O)C(=O)O)CCF)F
b'1-ethyl-6-fluoro-4-oxo-7-piperazin-1-ylquinoline-3-carboxylic acid',8.8,319.133219656,1.09444147774,337.164281244,0.721031598212,11.5761406099,CCn1cc(c(=O)c2c1cc(c(c2)F)N3CCNCC3)C(=O)O
Theophylline,8.81,180.164,-0.616897323048,-2.15940770283,0.719814333488,12.8076449302,Cn1c2c(c(=O)n(c1=O)C)[nH]cn2
Cinchocaine,8.85,343.4632,-1.27135696711,185.449292659,0.700561203591,9.85203456166,CCCCOc1cc(c2ccccc2n1)C(=O)NCCN(CC)CC
Dexlansoprazole,8.87,369.36,1.32934086693,12.9910782785,0.692063615793,10.8372380178,Cc1c(ccnc1C[S@@](=O)c2[nH]c3ccccc3n2)OCC(F)(F)F
Pentazocine,8.88,285.4238,3.16756258028,163.039159138,0.599680283834,17.979963075,C[C@H]1[C@H]2Cc3ccc(cc3[C@@]1(CC[N@@]2CC=C(C)C)C)O
b'1-pyridin-2-ylpiperazine',8.9,163.110947416,0.915759293553,215.198426018,0.717637907603,10.3446362897,c1ccnc(c1)N2CCNCC2
b'2-piperazin-1-ylpyrimidine',8.9,164.106196384,0.878566914771,231.093575487,0.721859166012,9.35943283357,c1cnc(nc1)N2CCNCC2
nan,8.9,312.114174224,2.78539257813,636.769454189,0.731338795775,11.0835388819,c1ccc2c(c1)C(=Nc3cc(ccc3N2)Cl)N4CCNCC4
remoxipride,8.9,370.089204696,0.481528808263,170.121078727,0.710761965172,9.35943283357,CC[N@]1CCC[C@H]1CNC(=O)c2c(ccc(c2OC)Br)OC
b'2-fluoroethanamine',9.0,63.048427412,0.0157894978757,301.204613693,0.706964657169,11.0835388819,C(CF)N
b'2-DIMETHYLAMINOETHANOL',9.0,89.084063972,1.46686877267,218.909511523,0.591470523943,16.5021578908,CN(C)CCO
b'thiomorpholine',9.0,103.045570288,0.970553915092,245.377808815,0.707149607514,10.3446362897,C1CSCCN1
b'2-phenylsulfanylethanamine',9.0,153.061220352,2.25074304139,261.004865194,0.708304268724,10.8372380178,c1ccc(cc1)SCCN
b'1-PHENYLPIPERAZINE',9.0,162.115698448,0.989975519734,224.059830602,0.72991136449,10.8372380178,c1ccc(cc1)N2CCNCC2
b'N-(2-aminoethyl)benzenesulfonamide',9.0,200.061948624,4.7981795756,289.049265125,0.695850431998,9.35943283357,c1ccc(cc1)S(=O)(=O)NCCN
b'1-[2-(2-hydroxy-3-propylaminopropoxy)phenyl]-3-phenylpropan-1-one',9.0,341.199093724,-5.40171679196,197.13161252,0.7344340033,9.35943283357,CCCNC[C@@H](COc1ccccc1C(=O)CCc2ccccc2)O
b'2-diethylaminoethyl 4-amino-2-chlorobenzoate',9.0,270.113505528,3.80234441527,192.110241185,0.714394101045,10.8372380178,CCN(CC)CCOC(=O)c1ccc(cc1Cl)N
"b'3,3-di(phenyl)-N-(1-phenylethyl)propan-1-amine'",9.04,315.1986998,3.28197421914,168.581674347,0.718443196601,8.37422937741,C[C@@H](c1ccccc1)NCCC(c2ccccc2)c3ccccc3
"b'1-methyl-5,6-dihydro-2H-pyridine-3-carboxylic acid'",9.07,141.078978592,1.21203954325,203.421974865,0.573194591704,16.0095561627,C[N@]1CCC=C(C1)C(=O)O
polythiazide,9.1,439.9,0.230972867459,-13.9876300841,0.726988817684,11.3298397459,C[N@]1[C@@H](Nc2cc(c(cc2S1(=O)=O)S(=O)(=O)N)Cl)CSCC(F)(F)F
nan,9.1,117.078978592,-0.481182865052,284.2172797,0.707077229818,11.3298397459,CCOC(=O)CCN
polythiazide,9.1,438.970881236,3.56970066601,5.22592688213,0.708958032493,12.8076449302,N([H])([H])S(=O)(=O)c1c([H])c2c(c([H])c1Cl)N([H])C([H])(C([H])([H])SC([H])([H])C(F)(F)F)N(C([H])([H])[H])S2(=O)=O
3-Chlorophenol,9.12,128.556,2.94817800802,-4.77658512446,0.60510585202,17.733662211,c1cc(cc(c1)Cl)O
"b'7-[(4aS,7aS)-1,2,3,4,4a,5,7,7a-octahydropyrrolo[3,4-b]pyridin-6-yl]-1-cyclopropyl-6-fluoro-8-methoxy-4-oxoquinoline-3-carboxylic acid'",9.14,401.175084468,0.840530063452,324.430672738,0.720327183377,10.5909371538,COc1c2c(cc(c1[N@]3C[C@@H]4CCCN[C@@H]4C3)F)c(=O)c(cn2C5CC5)C(=O)O
"b'(2R)-1-(2,6-dimethylphenoxy)propan-2-amine'",9.14,179.131014164,0.587444389213,258.329010907,0.716883995097,10.0983354257,Cc1cccc(c1OC[C@@H](C)N)C
Sertraline,9.16,306.23,-1.22183270502,204.846302186,0.737139260613,8.86683110549,CN[C@H]1CC[C@H](c2c1cccc2)c3ccc(c(c3)Cl)Cl
Glutethimide,9.2,217.2637,-0.481074801351,-5.16904285608,0.707540355447,12.5613440661,CC[C@@]1(CCC(=O)NC1=O)c2ccccc2
Mexiletine,9.2,179.2588,0.587444201232,254.996027243,0.714851631277,9.11313196953,Cc1cccc(c1OC[C@H](C)N)C
"1,3-Benzenediol",9.2,110.036779432,3.02911215344,-4.13166364154,0.586294845148,17.979963075,c1cc(cc(c1)O)O
b'3-phenylsulfonylpropan-1-amine',9.2,199.066699656,0.927134463115,224.68368457,0.711659892425,9.35943283357,c1ccc(cc1)S(=O)(=O)CCCN
Metoclopramide,9.27,299.796,1.371910975,210.74934092,0.732044479596,10.5909371538,CCN(CC)CCNC(=O)c1cc(c(cc1OC)N)Cl
Omeprazole,9.29,345.416,0.141765838897,-19.3564810553,0.707187699283,11.3298397459,Cc1cnc(c(c1OC)C)C[S@@](=O)c2[nH]c3cc(ccc3n2)OC
Flecainide,9.3,414.3427,-1.70026876677,173.886460716,0.701321234514,10.0983354257,c1cc(c(cc1OCC(F)(F)F)C(=O)NC[C@H]2CCCCN2)OCC(F)(F)F
Pholcodine,9.3,398.4953,10.0451897682,558.827832202,0.602304988544,16.2558570267,C[N@]1CC[C@]23c4c5ccc(c4O[C@H]2[C@H](C=C[C@H]3[C@H]1C5)O)OCCN6CCOCC6
b'3-fluoropiperidine',9.3,103.07972754,0.746916727782,251.064847607,0.703872476078,10.0983354257,C1C[C@@H](CNC1)F
b'3-Dimethylaminopropan-1-ol',9.3,103.099714036,5.95795394341,215.438424736,0.611208917619,16.0095561627,CN(C)CCCO
nan,9.3,193.126677732,1.21350788488,230.870192167,0.729278249821,11.3298397459,c1ccc(cc1)C[C@@H]2CCNC[C@@H]2F
b'N-(3-dimethylaminopropyl)benzamide',9.3,206.141913196,-4.30428274011,208.122602105,0.707678499511,9.11313196953,CN(C)CCCNC(=O)c1ccccc1
nan,9.3,442.089204696,-1.27556315821,193.810007241,0.596445640254,15.5169544346,c1ccc(cc1)CNC(=O)[C@@H]2[C@@H]([N@@]3CCC[C@H]3[C@@H]2C(=O)O)c4ccc(cc4)Br
flecainide,9.3,414.13781182,7.37908003809,161.279249984,0.696494590289,10.5909371538,c1cc(c(cc1OCC(F)(F)F)C(=O)NC[C@H]2CCCCN2)OCC(F)(F)F
Formestane,9.31,302.4079,1.61892191867,-14.0844852279,0.595574025526,17.733662211,C[C@]12CCC(=O)C(=C1CC[C@@H]3[C@@H]2CC[C@]4([C@H]3CCC4=O)C)O
Procainamide,9.32,235.3253,1.74183251387,199.701743921,0.721335101767,10.5909371538,CCN(CC)CCNC(=O)c1ccc(cc1)N
Benzylamine,9.33,107.1531,-1.35888144648,249.582485367,0.716247329405,11.3298397459,c1ccc(cc1)CN
chlorthalidone,9.36,338.012805512,2.49578525365,-4.85231427314,0.703352486536,12.8076449302,N([H])([H])S(=O)(=O)c1c([H])c(C2(O[H])c3c([H])c([H])c([H])c([H])c3C(=O)N2[H])c([H])c([H])c1Cl
Amisulpride,9.37,369.479,1.07499105574,170.489231604,0.733486402657,9.60573369762,CC[N@]1CCC[C@H]1CNC(=O)c2cc(c(cc2OC)N)S(=O)(=O)CC
methyclothiazide,9.4,360.22,-0.793388381691,3.25631225303,0.714946216558,9.85203456166,C[N@]1[C@@H](Nc2cc(c(cc2S1(=O)=O)S(=O)(=O)N)Cl)CCl
Betaxolol,9.4,307.4278,1.2155918974,193.584949111,0.743410198158,8.86683110549,CC(C)NC[C@@H](COc1ccc(cc1)CCOCC2CC2)O
b'3-fluoropyrrolidine',9.4,89.064077476,1.38669516521,258.192014718,0.734185831772,11.0835388819,C1CNC[C@H]1F
b'4-fluoropiperidine',9.4,103.07972754,0.461424939663,253.627577352,0.72944865723,10.5909371538,C1CNCCC1F
"b'4-amino-N-(2,6-dimethylphenyl)butanamide'",9.4,206.141913196,-9.95027064859,207.836297623,0.70397163424,8.86683110549,Cc1cccc(c1NC(=O)CCCN)C
methyclothiazide,9.4,358.956803192,1.6857930053,-3.1445228417,0.710337608022,12.5613440661,N([H])([H])S(=O)(=O)c1c([H])c2c(c([H])c1Cl)N([H])C([H])(C([H])([H])Cl)N(C([H])([H])[H])S2(=O)=O
Tramadol,9.41,263.3752,2.68570431284,204.37995657,0.611770354515,10.8372380178,CN(C)C[C@H]1CCCC[C@@]1(c2cccc(c2)OC)O
Propranolol,9.42,259.3434,1.35959269344,194.691194153,0.712873641337,8.62053024145,CC(C)NC[C@@H](COc1cccc2c1cccc2)O
Lofexidine,9.43,259.132,0.75753126127,163.252770399,0.715350397702,8.37422937741,C[C@@H](C1=NCCN1)Oc2c(cccc2Cl)Cl
Phenylpropanolamine,9.44,151.209,0.958407349914,227.518597036,0.723436100993,9.60573369762,C[C@@H]([C@@H](c1ccccc1)O)N
"1,2-Dihydroxybenzene",9.45,110.1106,3.52068802446,6.58273777625,0.593006876116,17.2410604829,c1ccc(c(c1)O)O
Uracil,9.45,112.0868,0.472349664725,-1.8097071365,0.697614809873,11.822441474,c1c[nH]c(=O)[nH]c1=O
propamocarb,9.48,188.15247788,0.839207703336,230.96093539,0.719987403971,10.5909371538,CCCOC(=O)NCCCN(C)C
Bisoprolol,9.5,325.443,3.84994122114,211.767875734,0.719553368989,10.3446362897,CC(C)NC[C@@H](COc1ccc(cc1)COCCOC(C)C)O
Ethanolamine,9.5,61.0831,1.29344322352,296.400624897,0.712666869345,10.3446362897,C(CO)N
Tafenoquine,9.5,463.501,1.41805612983,250.954207315,0.701449493148,11.5761406099,Cc1cc(nc2c1c(c(cc2N[C@H](C)CCCN)OC)Oc3cccc(c3)C(F)(F)F)OC
b'1-piperidin-2-ylpropan-2-one',9.5,141.1153641,2.87522189683,205.681299745,0.729308861514,9.85203456166,CC(=O)C[C@H]1CCCCN1
venlafaxine,9.5,277.204179104,-2.30943093948,183.846062743,0.612716104191,11.0835388819,CN(C)C[C@@H](c1ccc(cc1)OC)C2(CCCCC2)O
SM01,9.53,217.073893212,2.96362099981,-4.61612199543,0.591538346699,18.2262639391,c1cc2c(cc1O)c3c(o2)C(=O)NCCC3
"4-Methyl-1,2-benzenediol",9.55,124.052429496,3.529036738,4.19247480258,0.596172200006,16.9947596189,Cc1ccc(c(c1)O)O
Levorphanol,9.58,257.3706,3.09957869626,176.320531394,0.595452267494,17.979963075,C[N@]1CC[C@]23CCCC[C@H]2[C@H]1Cc4c3cc(cc4)O
b'N-(phenylmethyl)propan-1-amine',9.6,149.12044948,-2.44469740011,198.709956587,0.712785666884,7.63532678528,CCCNCc1ccccc1
alprenolol,9.6,249.172878976,0.152465637769,211.380204525,0.735327313477,10.5909371538,CC(C)NC[C@H](COc1ccccc1CC=C)O
Zolmitriptan,9.64,287.3568,1.82984749367,212.760173785,0.713862862959,11.822441474,CN(C)CCc1c[nH]c2c1cc(cc2)C[C@H]3COC(=O)N3
3-Methoxyphenol,9.65,124.052429496,3.04838827684,-4.21451068488,0.602012260739,18.2262639391,COc1cccc(c1)O
Hydroxychloroquine,9.67,335.872,0.743028728184,570.037161359,0.736264241052,11.0835388819,CC[N@@](CCC[C@H](C)Nc1ccnc2c1ccc(c2)Cl)CCO
Tenamfetamine,9.67,179.2157,0.193358008762,253.064653197,0.728411190819,10.5909371538,C[C@@H](Cc1ccc2c(c1)OCO2)N
metolazone,9.7,365.8,0.808264699758,3.84955720532,0.713288813354,10.8372380178,Cc1ccccc1N2[C@@H](Nc3cc(c(cc3C2=O)S(=O)(=O)N)Cl)C
chlorothiazide,9.7,295.7,0.579328097676,-1.71789342671,0.712125608237,11.822441474,c1c2c(cc(c1Cl)S(=O)(=O)N)S(=O)(=O)N=CN2
Metoprolol,9.7,267.3639,1.70535055606,199.828573407,0.599131972921,17.2410604829,CC(C)NC[C@H](COc1ccc(cc1)CCOC)O
Nortriptyline,9.7,263.3767,0.666748449357,213.633940027,0.724239996777,10.0983354257,CNCCC=C1c2ccccc2CCc3c1cccc3
Phenolphthalein,9.7,318.3228,3.21845825729,-3.72535089807,0.581555740314,17.979963075,c1ccc2c(c1)C(=O)OC2(c3ccc(cc3)O)c4ccc(cc4)O
"b'4,4,4-trifluorobutan-1-amine'",9.7,127.060883916,-0.554920013827,299.01171296,0.717524339344,9.35943283357,C(CC(F)(F)F)CN
nan,9.7,131.094628656,-2.29853124095,281.759044602,0.701013135405,9.11313196953,CCOC(=O)CCCN
"b'3-[3-[4-(phenylmethyl)piperidin-1-yl]propyl]-5-(1,2,4-triazol-4-yl)-1H-indole'",9.7,399.242295928,2.96474894542,184.070856877,0.710621961147,11.822441474,c1ccc(cc1)CC2CCN(CC2)CCCc3c[nH]c4c3cc(cc4)n5cnnc5
metoprolol,9.7,267.18344366,-0.35387538008,194.265617178,0.709264812235,6.89642419316,CC(C)NC[C@H](COc1ccc(cc1)CCOC)O
b'1-methylpiperidine-3-carboxylic acid',9.7,143.094628656,1.12798545337,202.83980613,0.587649463761,16.9947596189,C[N@]1CCC[C@@H](C1)C(=O)O
metolazone,9.7,365.060090052,1.46086660574,-10.2110236027,0.700684706779,12.5613440661,N([H])([H])S(=O)(=O)c1c([H])c2c(c([H])c1Cl)N([H])C([H])(C([H])([H])[H])N(c1c([H])c([H])c([H])c([H])c1C([H])([H])[H])C2=O
chlorothiazide,9.7,294.948825352,0.579326473708,-17.5651100869,0.705786374932,12.5613440661,N([H])([H])S(=O)(=O)c1c([H])c2c(c([H])c1Cl)N([H])C([H])=NS2(=O)=O
Mercaptoethanol,9.72,78.133,3.48876867487,2.38461654641,0.614654787217,17.2410604829,C(CS)O
Piperazine,9.73,86.1356,-0.295320502583,244.920824646,0.725175505857,10.5909371538,C1CNCCN1
Nonivamide,9.77,293.4012,2.16087669659,-12.7862888437,0.723038035653,8.86683110549,CCCCCCCCC(=O)NCc1ccc(c(c1)OC)O
"b'5-amino-N-(2,6-dimethylphenyl)pentanamide'",9.8,220.15756326,-7.77519234491,246.744533467,0.714207782846,9.85203456166,Cc1cccc(c1NC(=O)CCCCN)C
tolterodine,9.8,325.240564612,-5.94972611301,174.568477028,0.607678118788,16.5021578908,Cc1ccc(c(c1)[C@@H](CCN(C(C)C)C(C)C)c2ccccc2)O
Phenethylamine,9.83,121.1796,-0.609968390155,263.386097655,0.715925580279,11.0835388819,c1ccc(cc1)CCN
Phentermine,9.84,149.2328,0.649113745266,237.324641418,0.712955664031,9.60573369762,CC(C)(Cc1ccccc1)N
atropine,9.84,289.167793596,4.91051480224,189.388328723,0.607737187265,14.7780518425,CN1[C@@H]2CC[C@H]1CC(C2)OC(=O)[C@H](CO)c3ccccc3
nan,9.86,165.1153641,0.384364466782,245.388041014,0.71723351402,10.0983354257,C[C@@H](Cc1cccc(c1)OC)N
Metamfetamine,9.87,149.2328,-0.937585905518,219.152043617,0.735209492789,10.8372380178,C[C@@H](Cc1ccccc1)NC
Tapentadol,9.895,221.3385,3.17895609629,188.971733801,0.602840055616,17.979963075,CC[C@@H](c1cccc(c1)O)[C@@H](C)CN(C)C
Amphetamine,9.9,135.2062,0.171483599679,249.581478994,0.713059529727,9.85203456166,C[C@@H](Cc1ccccc1)N
Paroxetine,9.9,329.3654,1.17048823618,226.635927478,0.733484446229,11.5761406099,c1cc(ccc1[C@@H]2CCNC[C@H]2COc3ccc4c(c3)OCO4)F
Theobromine,9.9,180.164,-1.20366567717,-3.17704609978,0.695863819197,12.3150432021,Cn1cnc2c1c(=O)[nH]c(=O)n2C
3-Ethylphenol,9.9,122.07316494,3.00037611853,-5.19835457686,0.58924373728,17.979963075,CCc1cccc(c1)O
b'3-fluoropropan-1-amine\n3-fluoroprop-2-ynenitrile',9.9,77.064077476,0.355139765036,282.74109141,0.705725624894,8.37422937741,C(CN)CF
b'3-phenylsulfanylpropan-1-amine',9.9,167.076870416,3.82824679449,268.250842579,0.720779284748,10.8372380178,c1ccc(cc1)SCCCN
b'N-(3-aminopropyl)-4-methylbenzenesulfonamide',9.9,228.093248752,3.31074131626,248.366877986,0.723162551303,12.5613440661,Cc1ccc(cc1)S(=O)(=O)NCCCN
Fenfluramine,9.92,231.2573,-0.702756068924,222.678020129,0.723696625573,9.85203456166,CCN[C@H](C)Cc1cccc(c1)C(F)(F)F
F-Loop of Vitamin B12,9.94,76.1176,3.92196559261,-257.992057042,0.605203139919,15.0243527065,C[C@@H](C[NH3+])O
Tacrine,9.95,198.2637,1.69398024189,167.971528386,0.699395261059,8.37422937741,c1ccc2c(c1)c(c3c(n2)CCCC3)N
2-Methoxyphenol,9.98,124.052429496,0.833843283707,-7.06302049035,0.598346447301,17.733662211,COc1ccccc1O
Phenol,9.99,94.1112,4.67751922681,-4.99666384687,0.602043647002,17.4873613469,c1ccc(cc1)O
nan,9.99,165.1153641,0.0988339391543,246.193115976,0.709262048276,10.5909371538,C[C@@H](Cc1ccc(cc1)OC)N
Nitrofural,10.0,198.1362,2.40668629661,1.55474155928,0.712148995247,11.5761406099,c1cc(oc1/C=N/NC(=O)N)[N+](=O)[O-]
4-Ethylphenol,10.0,122.07316494,2.86676244807,-3.81096798358,0.601713122907,17.979963075,CCc1ccc(cc1)O
nan,10.0,213.08234972,-0.432750220947,244.793502116,0.721405593259,8.62053024145,c1ccc(cc1)S(=O)(=O)CCCCN
"b'(1S,5R)-8-methyl-8-azabicyclo[3.2.1]octan-3-ol'",10.06,141.1153641,3.44327903273,209.146988664,0.616772976308,17.2410604829,CN1[C@@H]2CC[C@H]1CC(C2)O
b'N-methyl-2-phenylpropan-1-amine',10.07,149.12044948,-1.95100795154,224.012064393,0.723024219572,10.3446362897,C[C@@H](CNC)c1ccccc1
Betahistine,10.1,136.1943,-0.00973601794996,220.583195086,0.714364085042,11.0835388819,CNCCc1ccccn1
Chloroquine,10.1,319.872,-3.11953731009,566.12877305,0.736738226961,9.11313196953,CCN(CC)CCC[C@H](C)Nc1ccnc2c1ccc(c2)Cl
M-Cresol,10.1,108.1378,2.94245369721,-3.73291513032,0.600733987316,18.2262639391,Cc1cccc(c1)O
"b'6-amino-N-(2,6-dimethylphenyl)hexanamide'",10.1,234.173213324,-3.65533626802,259.173495036,0.713971553811,9.11313196953,Cc1cccc(c1NC(=O)CCCCCN)C
Benzenesulfonamide,10.1,157.019749464,0.859228967004,-0.982585764795,0.700610228967,12.3150432021,N([H])([H])S(=O)(=O)c1c([H])c([H])c([H])c([H])c1[H]
bumetanide,10.12,364.10929274,-0.183585675946,263.516810693,0.713128961785,12.5613440661,N([H])([H])S(=O)(=O)c1c([H])c(C(=O)O[H])c([H])c(N([H])C([H])([H])C([H])([H])C([H])([H])C([H])([H])[H])c1Oc1c([H])c([H])c([H])c([H])c1[H]
Atomoxetine,10.13,255.3547,1.11577742186,213.700900754,0.731382497779,9.85203456166,Cc1ccccc1O[C@H](CCNC)c2ccccc2
Ropinirole,10.17,260.3746,1.40600310712,189.137280602,0.702387867003,11.822441474,CCCN(CCC)CCc1cccc2c1CC(=O)N2
Allopurinol,10.2,136.1115,1.99284699554,-5.55814254719,0.709348786615,12.068742338,c1c2c([nH]n1)ncnc2O
Zonisamide,10.2,212.226,2.32573070481,-6.44882678008,0.718308908181,12.8076449302,c1ccc2c(c1)c(no2)CS(=O)(=O)N
2-Ethylphenol,10.2,122.07316494,3.4368088537,-6.26380280941,0.590988126833,17.4873613469,CCc1ccccc1O
sulpiride,10.21,341.4,3.1516229632,204.826512184,0.692297881555,9.85203456166,CC[N@]1CCC[C@H]1CNC(=O)c2cc(ccc2OC)S(=O)(=O)N
4-Methoxyphenol,10.21,124.052429496,2.79190251183,-4.36396243579,0.605353248728,18.4725648031,COc1ccc(cc1)O
sulpiride,10.21,341.140927216,-0.682435449413,174.648861438,0.707852177815,12.068742338,N([H])([H])S(=O)(=O)c1c([H])c([H])c(OC([H])([H])[H])c(C(=O)N([H])C([H])([H])C2([H])N(C([H])([H])C([H])([H])[H])C([H])([H])C([H])([H])C2([H])[H])c1[H]
piretanide,10.22,362.4,0.754268005076,261.173890385,0.571441164091,16.0095561627,c1ccc(cc1)Oc2c(cc(cc2S(=O)(=O)N)C(=O)O)N3CCCC3
piretanide,10.22,362.093642676,-0.851497310939,250.811725107,0.695857612842,12.068742338,N([H])([H])S(=O)(=O)c1c([H])c(C(=O)O[H])c([H])c(N2C([H])([H])C([H])([H])C([H])([H])C2([H])[H])c1Oc1c([H])c([H])c([H])c([H])c1[H]
furosemide,10.24,330.007720132,-0.314758690662,269.429152973,0.707748601138,12.8076449302,N([H])([H])S(=O)(=O)c1c([H])c(C(=O)O[H])c(N([H])C([H])([H])c2oc([H])c([H])c2[H])c([H])c1Cl
2-Methylphenol,10.29,108.057514876,4.16214190407,-4.94502660189,0.592269464176,17.2410604829,Cc1ccccc1O
P-Cresol,10.3,108.1378,2.97502913222,-4.14094098928,0.606892193009,17.979963075,Cc1ccc(cc1)O
Quinacrine,10.3,399.957,-6.03463551484,532.416106116,0.698662652291,7.88162764933,CCN(CC)CCC[C@H](C)Nc1c2ccc(cc2nc3c1cc(cc3)OC)Cl
Tolazoline,10.3,160.2157,-2.35985359732,173.429610014,0.717330697311,11.3298397459,c1ccc(cc1)CC2=NCCN2
b'ethyl 6-aminohexanoate',10.3,159.125928784,-0.0264291142726,272.490690366,0.716247216899,8.86683110549,CCOC(=O)CCCCCN
trichloromethiazide,10.3,378.902180776,1.46257982865,-4.03527470962,0.709813992645,12.8076449302,N([H])([H])S(=O)(=O)c1c([H])c2c(c([H])c1Cl)N([H])C([H])(C([H])(Cl)Cl)N([H])S2(=O)=O
Disopyramide,10.32,339.231062548,6.78302295472,157.652395014,0.707465028291,9.60573369762,CC(C)N(CC[C@](c1ccccc1)(c2ccccn2)C(=O)N)C(C)C
4-Propylphenol,10.34,136.088815004,2.87412180731,-5.66448763833,0.579718219159,17.733662211,CCCc1ccc(cc1)O
"b'N,2-dimethyl-1-phenylpropan-2-amine'",10.37,163.136099544,-1.3769701667,217.345017504,0.722200384077,10.5909371538,CC(C)(Cc1ccccc1)NC
hydrochlorothiazide,10.39,296.964475416,1.47300938177,8.58620387402,0.703920548383,11.822441474,N([H])([H])S(=O)(=O)c1c([H])c2c(c([H])c1Cl)N([H])C([H])([H])N([H])S2(=O)=O
penflutizide,10.39,401.069082716,0.470652557219,-12.0816281135,0.717390627757,11.0835388819,N([H])([H])S(=O)(=O)c1c([H])c2c(c([H])c1C(F)(F)F)N([H])C([H])(C([H])([H])C([H])([H])C([H])([H])C([H])([H])C([H])([H])[H])N([H])S2(=O)=O
Desipramine,10.4,266.3807,0.640222173296,228.103384244,0.734520869959,10.0983354257,CNCCCN1c2ccccc2CCc3c1cccc3
Etonogestrel,10.4,324.4565,3.06884616649,0.238111180798,0.606361697197,13.5465475223,CC[C@]12CC(=C)[C@H]3[C@H]([C@@H]1CC[C@]2(C#C)O)CCC4=CC(=O)CC[C@H]34
Isocarboxazid,10.4,231.2505,0.376838377309,6.26663515894,0.728562161178,8.86683110549,Cc1cc(no1)C(=O)NNCc2ccccc2
b'4-phenylsulfanylbutan-1-amine',10.4,181.09252048,3.92953311363,252.420087567,0.706763403649,8.62053024145,c1ccc(cc1)SCCCCN
nan,10.4,227.097999784,4.68374732298,221.809409695,0.718596948772,9.85203456166,c1ccc(cc1)S(=O)(=O)CCCCCN
b'1-(2-methoxyphenyl)-N-methylpropan-2-amine',10.45,179.131014164,2.1711511162,210.872839706,0.734540218616,10.5909371538,C[C@H](Cc1ccccc1OC)NC
Estradiol,10.46,272.382,3.49357580671,-3.59336553402,0.592315053092,14.0391492504,C[C@]12CC[C@@H]3c4ccc(cc4CC[C@H]3[C@@H]1CC[C@@H]2O)O
2-Propylphenol,10.47,136.088815004,3.43430041757,-6.72093240864,0.584117477947,16.2558570267,CCCc1ccccc1O
b'ethyl 5-aminopentanoate',10.5,145.11027872,1.54519818082,266.50506395,0.714839480082,9.11313196953,CCOC(=O)CCCCN
nan,10.5,195.108170544,6.07887622399,243.010595856,0.70950263686,8.62053024145,c1ccc(cc1)SCCCCCN
maprotiline,10.5,277.183049736,-1.09626299748,223.188209649,0.723067215326,9.35943283357,CNCCCC12CCC(c3c1cccc3)c4c2cccc4
4-phenylbutylamine,10.5,149.12044948,-0.0463554538535,262.604152531,0.713990187029,10.8372380178,c1ccc(cc1)CCCCN
Dronabinol,10.6,314.4617,2.06028340341,-9.06127415128,0.595376227441,16.2558570267,CCCCCc1cc(c2c(c1)OC([C@H]3[C@H]2C=C(CC3)C)(C)C)O
Moclobemide,10.6,268.739,1.01891386114,202.548956879,0.719848660558,10.3446362897,c1cc(ccc1C(=O)NCCN2CCOCC2)Cl
Sulfanilamide,10.6,172.205,1.7178626507,-6.72074521843,0.71232049885,11.0835388819,c1cc(ccc1N)S(=O)(=O)N
Thymol,10.6,150.2176,3.59259115665,-4.72926981818,0.59653275867,16.9947596189,Cc1ccc(c(c1)O)C(C)C
b'4-Aminobutanoic acid',10.6,103.063328528,6.77498018729,150.552218212,0.580581082963,16.5021578908,C(CC(=O)O)CN
hydroflumethiazide,10.7,330.990832396,-0.620508901237,-8.89354719897,0.713563222254,11.3298397459,N([H])([H])S(=O)(=O)c1c([H])c2c(c([H])c1C(F)(F)F)N([H])C([H])([H])N([H])S2(=O)=O
Putrescine,10.8,88.1515,0.29093078185,928.85447865,0.705434157908,9.60573369762,C(CCN)CN
"1,4-Benzenediol",10.9,110.036779432,1.02565096114,-3.89584778721,0.591783894484,17.979963075,c1cc(ccc1O)O
nan,10.9,586.279134936,3.61827136586,192.492859028,0.604209718825,17.2410604829,CCc1c2cc(ccc2nc-3c1Cn4c3cc5c(c4=O)COC(=O)[C@@]5(CC)O)OC(=O)N6CCC(CC6)N7CCCCC7
Dalfampridine,11.0,94.1145,0.835485353561,211.96635996,0.721324440038,11.0835388819,c1cnccc1N
celecoxib,11.1,381.4,0.218694605269,-13.7433846662,0.689077819996,11.822441474,Cc1ccc(cc1)c2cc(nn2c3ccc(cc3)S(=O)(=O)N)C(F)(F)F
Propofol,11.1,178.2707,2.69883514915,-0.541715738867,0.605644563556,16.5021578908,CC(C)c1cccc(c1O)C(C)C
celecoxib,11.1,381.075882348,1.14026454793,-12.5621914645,0.71330398491,12.5613440661,N([H])([H])S(=O)(=O)c1c([H])c([H])c(-n2nc(C(F)(F)F)c([H])c2-c2c([H])c([H])c(C([H])([H])[H])c([H])c2[H])c([H])c1[H]
Cilnidipine,11.39,492.528,-2.76107060126,-16.8099205212,0.720628517957,11.822441474,CC1=C([C@@H](C(=C(N1)C)C(=O)OC/C=C/c2ccccc2)c3cccc(c3)[N+](=O)[O-])C(=O)OCCOC
Bicalutamide,12.0,430.373,4.05984061964,-15.7729228758,0.604478095799,12.3150432021,C[C@](CS(=O)(=O)c1ccc(cc1)F)(C(=O)Nc2ccc(c(c2)C(F)(F)F)C#N)O
Colchicine,12.36,399.437,3.23933227463,-1.53837418745,0.719850866947,7.88162764933,CC(=O)N[C@@H]1CCc2cc(c(c(c2-c3c1cc(=O)c(cc3)OC)OC)OC)OC
Apremilast,12.58,460.5,0.79124500856,20.0743139031,0.706211870579,12.5613440661,CCOc1cc(ccc1OC)[C@@H](CS(=O)(=O)C)N2C(=O)c3cccc(c3C2=O)NC(=O)C
Lorazepam,13.0,321.158,3.63788028949,-1.98450667104,0.72559939054,9.35943283357,c1ccc(c(c1)C2=N[C@H](C(=O)Nc3c2cc(cc3)Cl)O)Cl
Desogestrel,13.04,310.473,2.99055882854,1.47648378029,0.593684415086,13.3002466582,CC[C@]12CC(=C)[C@H]3[C@H]([C@@H]1CC[C@]2(C#C)O)CCC4=CCCC[C@H]34
Lovastatin,13.49,404.5396,6.46991143203,-4.07103786077,0.603906889399,11.0835388819,CC[C@H](C)C(=O)O[C@H]1C[C@H](C=C2[C@H]1[C@H]([C@H](C=C2)C)CC[C@@H]3C[C@H](CC(=O)O3)O)C
Oxcarbazepine,13.73,252.268,1.51309994131,-2.21347826724,0.714828263075,8.86683110549,c1ccc2c(c1)CC(=O)c3ccccc3N2C(=O)N
Fluocinolone acetonide,13.9,452.4882,3.73998449933,7.86345319185,0.606602126146,12.8076449302,C[C@]12C[C@@H]([C@]3([C@H]([C@@H]1C[C@@H]4[C@]2(OC(O4)(C)C)C(=O)CO)C[C@@H](C5=CC(=O)C=C[C@@]53C)F)F)O
