time,latitude,longitude,depth,mag,magType,nst,gap,dmin,rms,net,id,updated,place,type,horizontalError,depthError,magError,magNst,status,locationSource,magSource
2023-09-01T01:35:48.710Z,37.4161667,-121.7886667,3.16,2.64,md,95,30,0.03537,0.08,nc,nc73931501,2023-11-04T21:36:07.040Z,"6 km NNE of Alum Rock, CA",earthquake,0.1,0.29,0.113,79,reviewed,nc,nc
2023-09-01T03:22:51.760Z,33.1606667,-115.9358333,7.47,2.59,ml,77,40,0.03741,0.18,ci,ci39656434,2023-11-04T21:36:08.040Z,"16 km S of Salton City, CA",earthquake,0.16,0.44,0.141,25,reviewed,ci,ci
2023-09-01T04:07:53.110Z,32.3861667,-115.1426667,11,2.54,ml,26,68,0.068,0.29,ci,ci39656442,2023-11-04T21:36:08.040Z,"6 km NE of Delta, B.C., MX",earthquake,0.45,0.82,0.083,25,reviewed,ci,ci
2023-09-01T09:13:18.922Z,31.93267822,-102.0206507,8.387980143,2.8,ml,20,58,0.1000003256,0.1,tx,tx2023rcrm,2023-11-04T21:36:09.040Z,"8 km SE of Midland, Texas",earthquake,0.6173317846,1.413610826,0.2,30,reviewed,tx,tx
2023-09-01T09:27:48.139Z,38.6879,-97.5303,8.254,2.6,ml,23,118,0.726,0.37,us,us7000kskr,2023-11-04T21:36:09.040Z,"6 km E of Assaria, Kansas",earthquake,1.69,6.909,0.055,43,reviewed,us,us
2023-09-01T12:11:43.657Z,28.95172119,-97.63200827,2.078653971,2.9,ml,20,90,0.09815151408,0.3,tx,tx2023rcxj,2023-11-04T21:36:12.040Z,"4 km NNW of Nordheim, Texas",earthquake,1.268613927,1.654033114,0.2,13,reviewed,tx,tx
2023-09-01T20:43:01.300Z,36.26766667,-97.26883333,5.56,2.65,ml,98,27,0,0.21,ok,ok2023rdog,2023-11-04T21:36:15.040Z,"2 km SE of Perry, Oklahoma",earthquake,,0.3,0.23,37,reviewed,ok,ok
2023-09-01T23:30:16.020Z,40.6023333,-121.8291667,14.04,3.06,ml,45,36,0.09811,0.13,nc,nc73931886,2023-11-04T21:36:15.040Z,"13 km NNE of Shingletown, CA",earthquake,0.18,0.52,0.152,36,reviewed,nc,nc
2023-09-01T23:56:51.230Z,38.8053333,-122.811,3.61,2.8,md,86,26,0.01254,0.06,nc,nc73931896,2023-11-04T21:36:15.040Z,"6 km WNW of The Geysers, CA",earthquake,0.09,0.13,0.217,111,reviewed,nc,nc
2023-09-02T04:28:28.649Z,31.58604836,-104.498986,6.054443359000001,3.4,ml,35,142,0.08270689757,0.3,tx,tx2023redp,2023-11-04T21:36:16.040Z,"66 km S of Whites City, New Mexico",earthquake,1.4878739409999997,1.337886676,0.2,24,reviewed,tx,tx
2023-09-02T06:07:45.626Z,31.60789016,-103.9685271,8.342456055,2.7,ml,17,66,0.002827188665,0.1,tx,tx2023regw,2023-11-04T21:36:17.040Z,"36 km NNW of Toyah, Texas",earthquake,0.5574125179,0.5333334889,0.1,8,reviewed,tx,tx
2023-09-02T13:28:04.194Z,31.67356557,-104.2051353,6.388647461,2.6,ml,26,58,0.05098732042,0.2,tx,tx2023revi,2023-11-04T21:36:18.040Z,"55 km NW of Toyah, Texas",earthquake,0.5717705921,0.7342507155,0.1,16,reviewed,tx,tx
2023-09-02T18:03:12.777Z,43.7308,-105.2779,0,3.6,ml,46,76,0.979,0.75,us,us7000ksw5,2023-11-04T21:35:22.040Z,"17 km E of Wright, Wyoming",mining explosion,5.38,1.86,0.038,89,reviewed,us,us
2023-09-02T18:10:00.140Z,35.9913333,-120.1221667,12.87,2.9,mh,24,241,0.1415,0.07,nc,nc73932271,2023-09-08T02:36:14.523Z,"2 km SSE of Avenal, CA",earthquake,0.58,0.82,,0,reviewed,nc,nc
2023-09-02T20:21:54.718Z,32.0038481,-103.8302184,6.607165527,2.7,ml,25,48,0.02488819032,0.2,tx,tx2023rfjb,2023-11-04T21:36:19.040Z,"33 km SE of Malaga, New Mexico",earthquake,0.4273484742,0.532945083,0.1,13,reviewed,tx,tx
2023-09-03T06:12:48.216Z,40.204,-98.3148,9.331,2.5,mb_lg,10,66,1.21,0.31,us,us7000ksym,2023-09-23T09:36:04.040Z,"10 km SSW of Lawrence, Nebraska",earthquake,3.55,6.705,0.089,33,reviewed,us,us
2023-09-03T07:48:46.117Z,31.60373983,-103.9352931,6.915661621,2.7,ml,25,46,0.03834148251,0.2,tx,tx2023rgfs,2023-09-23T06:12:16.040Z,"33 km WSW of Mentone, Texas",earthquake,0.4367698105,0.484274386,0.2,13,reviewed,tx,tx
2023-09-03T15:49:56.409Z,43.9179,-106.93,5,3.3,ml,27,82,1.301,0.89,us,us7000kt1b,2023-11-05T21:27:51.040Z,"32 km NW of Kaycee, Wyoming",earthquake,1.89,1.951,0.047,60,reviewed,us,us
2023-09-04T00:36:36.627Z,44.046,-106.0545,5,2.8,ml,22,117,1.436,0.71,us,us7000kt36,2023-10-05T04:53:07.040Z,"50 km WSW of Antelope Valley-Crestview, Wyoming",earthquake,4.86,1.957,0.059,38,reviewed,us,us
2023-09-04T01:19:29.896Z,31.35762592,-103.0800718,3.81784668,2.8,ml,24,72,0.02197546414,0.2,tx,tx2023rhoj,2023-10-13T00:01:28.040Z,"12 km N of Coyanosa, Texas",earthquake,0.9231601397,1.5575960209999997,0.2,18,reviewed,tx,tx
2023-09-04T01:20:21.504Z,31.36084501,-103.0805919,3.046606445,2.9,ml,24,73,0.02467246733,0.2,tx,tx2023rhok,2023-10-13T00:07:29.040Z,"13 km N of Coyanosa, Texas",earthquake,0.8804698035,1.168409417,0.2,18,reviewed,tx,tx
2023-09-04T02:39:09.967Z,43.0971,-107.7182,11.916,2.6,ml,21,107,0.985,0.57,us,us7000kt3s,2023-10-05T02:20:41.040Z,"35 km ESE of Shoshoni, Wyoming",earthquake,4.9,8.55,0.055,44,reviewed,us,us
2023-09-04T11:41:28.789Z,37.0428,-104.9496,7.74,2.6,ml,14,63,0.155,0.31,us,us7000kt5s,2023-10-13T05:57:45.040Z,"",earthquake,3,3.3,0.071,52,reviewed,us,us
2023-09-04T15:59:03.813Z,31.67983578,-104.5260411,6.388647461,2.7,ml,47,147,0.02430575243,0.2,tx,tx2023rirj,2023-09-06T14:38:35.040Z,"56 km SSW of Whites City, New Mexico",earthquake,0.9136060809999998,0.49961711149999993,0.1,31,reviewed,tx,tx
2023-09-04T17:56:45.270Z,35.1166667,-119.0341667,12.82,3.39,ml,76,25,0.0708,0.26,ci,ci39658306,2023-10-12T12:42:22.040Z,"19 km SW of Lamont, CA",earthquake,0.2,0.67,0.123,102,reviewed,ci,ci
2023-09-04T19:59:59.891Z,31.65367085,-104.4579551,6.799975586,2.6,ml,67,85,0.02224999176,0.3,tx,tx2023rizj,2023-10-05T13:28:52.040Z,"58 km S of Whites City, New Mexico",earthquake,0.9279802486,0.7049778981,0.1,41,reviewed,tx,tx
2023-09-04T23:20:05.039Z,31.66799545,-104.4467889,5.874487305,2.5,ml,31,63,0.0172609427,0.2,tx,tx2023rjfy,2023-10-03T05:09:55.040Z,"",earthquake,0.9365696035,0.5021549433,0.1,19,reviewed,tx,tx
2023-09-05T10:21:41.860Z,40.124,-123.0593333,42.78,2.5,md,53,27,0.09294,0.15,nc,nc73933326,2023-09-06T09:00:39.040Z,"40 km NNE of Covelo, CA",earthquake,0.34,0.56,0.23,55,reviewed,nc,nc
2023-09-05T11:15:27.700Z,33.931,-116.637,12.07,2.76,ml,107,24,0.04935,0.14,ci,ci39658594,2023-10-04T20:56:14.040Z,"9 km WNW of Garnet, CA",earthquake,0.09,0.29,0.154,24,reviewed,ci,ci
2023-09-05T14:43:12.060Z,33.7431667,-120.0468333,11.17,3.18,ml,28,245,0.2365,0.2,ci,ci39658674,2023-09-12T21:09:55.040Z,"23 km SSE of Santa Rosa Is., CA",earthquake,0.5,0.69,0.161,48,reviewed,ci,ci
2023-09-05T16:01:20.919Z,31.74703215,-104.1719732,6.671435547,2.6,ml,25,52,0.07092062512,0.1,tx,tx2023rkmz,2023-10-15T14:44:55.040Z,"51 km SSE of Whites City, New Mexico",earthquake,0.5370226012,1.037233638,0.2,15,reviewed,tx,tx
2023-09-05T20:27:18.320Z,40.2316667,-121.1555,1.28,2.59,md,58,33,0.2397,0.16,nc,nc73933496,2023-11-04T14:19:16.040Z,"2 km NE of Almanor, CA",earthquake,0.18,1.5,0.172,68,reviewed,nc,nc
2023-09-06T04:30:49.960Z,31.73209265,-104.094982,6.632873535,2.8,ml,36,66,0.03134506905,0.2,tx,tx2023rlls,2023-10-05T05:16:23.040Z,"western Texas",earthquake,0.4161967978,0.4488458372,0.2,18,reviewed,tx,tx
2023-09-06T10:47:36.533Z,37.5145,-104.7414,9.402,2.6,ml,17,68,0.393,0.33,us,us7000ktm9,2023-09-21T06:32:27.040Z,"",earthquake,1.6,8.494,0.077,22,reviewed,us,us
2023-09-06T19:54:12.182Z,44.6605,-114.4085,16.61,3.2,ml,50,55,0.542,0.54,us,us7000ktrd,2023-09-12T21:42:38.642Z,"22 km NW of Challis, Idaho",earthquake,1.37,7.298,0.038,93,reviewed,us,us
2023-09-07T14:25:05.480Z,38.5063333,-119.5181667,4.03,2.81,md,18,99,0.03121,0.06,nc,nc73934201,2023-10-13T18:54:40.040Z,"4 km WSW of Walker, CA",earthquake,0.28,0.42,0.194,46,reviewed,nc,nc
2023-09-07T17:42:47.600Z,39.992,-123.7978333,1.21,2.93,md,41,98,0.1134,0.17,nc,nc73934281,2023-10-13T13:18:43.040Z,"14 km S of Redway, CA",earthquake,0.26,1.17,0.155,66,reviewed,nc,nc
2023-09-08T01:35:32.940Z,31.94000244,-102.0399438,7.996704102,3.2,ml,25,70,0.09115416927,0.1,tx,tx2023rowx,2023-09-30T00:36:38.040Z,"7 km SSE of Midland, Texas",earthquake,0.5948393292000002,1.336604543,0.1,7,reviewed,tx,tx
2023-09-08T05:59:23.360Z,33.233,-116.7775,11.95,2.82,ml,140,12,0.01599,0.21,ci,ci39661050,2023-09-26T04:29:58.040Z,"2 km SW of Lake Henshaw, CA",earthquake,0.1,0.33,0.149,175,reviewed,ci,ci
2023-09-08T17:24:38.390Z,40.953,-121.56,15.63,4.99,mw,41,33,0.08699,0.12,nc,nc73934641,2023-11-10T17:34:45.956Z,"12 km NE of Burney, CA",earthquake,0.2,0.56,,4,reviewed,nc,nc
2023-09-08T17:25:05.950Z,40.9618333,-121.5705,12.44,4.33,ml,15,90,0.07524,0.05,nc,nc71131324,2023-10-04T21:22:32.680Z,"12 km NE of Burney, CA",earthquake,0.23,0.42,0.009,4,reviewed,nc,nc
2023-09-08T22:17:13.300Z,40.959,-121.5696667,13.29,2.8,md,34,38,0.09745,0.09,nc,nc73934836,2023-10-20T01:44:46.040Z,"12 km NE of Burney, CA",earthquake,0.19,0.56,0.161,66,reviewed,nc,nc
2023-09-08T22:51:47.460Z,40.9661667,-121.558,13.6,2.74,md,38,37,0.09799,0.1,nc,nc73934851,2023-11-06T04:01:01.040Z,"11 km WSW of Fall River Mills, CA",earthquake,0.18,0.71,0.127,53,reviewed,nc,nc
2023-09-08T23:40:28.210Z,34.0328333,-116.9541667,6.9,3.06,ml,138,19,0.06244,0.16,ci,ci39661746,2023-10-20T01:57:24.040Z,"8 km E of Yucaipa, CA",earthquake,0.08,0.36,0.17,217,reviewed,ci,ci
2023-09-09T21:35:57.200Z,32.0403333,-116.2108333,16.18,2.91,ml,30,84,0.2261,0.23,ci,ci39662050,2023-09-11T04:43:45.040Z,"43 km ENE of Ensenada, B.C., MX",earthquake,0.31,1.25,0.163,71,reviewed,ci,ci
2023-09-09T23:49:39.341Z,31.73471451,-104.0999797,7.416967772999999,2.6,ml,18,33,0.03624879931,0.1,tx,tx2023rskl,2023-10-13T22:34:28.040Z,"47 km W of Mentone, Texas",earthquake,0.6052179156,0.6946856061999999,0.1,18,reviewed,tx,tx
2023-09-10T04:11:00.950Z,38.5985,-87.9445,21.39,2.73,md,27,70,0.1814,0.3,nm,nm60550471,2023-10-09T22:25:56.684Z,"9 km E of Parkersburg, Illinois",earthquake,0.5,0.85,0.117969152700941,15,reviewed,nm,nm
2023-09-10T07:44:14.520Z,29.04693604,-97.83467371,5.942504883,2.8,ml,19,72,0.0841410546,0.3,tx,tx2023rtac,2023-10-06T11:39:31.040Z,"19 km NNE of Karnes City, Texas",earthquake,1.234025349,2.164299339,0.2,9,reviewed,tx,tx
2023-09-10T10:28:30.140Z,44.7615,-110.9393333,10.5,2.75,ml,22,101,0.04766,0.17,uu,uu60549792,2023-09-18T04:33:28.040Z,"17 km NE of West Yellowstone, Montana",earthquake,0.4,0.65,0.141,7,reviewed,uu,uu
2023-09-10T14:28:43.200Z,33.2341667,-116.7765,11.77,2.71,ml,102,13,0.01498,0.2,ci,ci39662258,2023-09-30T13:32:46.040Z,"2 km SW of Lake Henshaw, CA",earthquake,0.13,0.47,0.172,117,reviewed,ci,ci
2023-09-10T17:18:53.856Z,31.66750727,-104.3816511,7.622631836000001,2.5,ml,37,66,0.03983839769,0.3,tx,tx2023rtta,2023-09-13T15:31:17.040Z,"56 km S of Whites City, New Mexico",earthquake,0.8095218262,0.8075472606000001,0.1,19,reviewed,tx,tx
2023-09-10T21:32:44.181Z,31.56496156,-104.0237212,8.702368164,2.5,ml,17,58,0.03971163465,0.1,tx,tx2023rubl,2023-10-08T18:36:20.040Z,"35 km NW of Toyah, Texas",earthquake,0.8401281232,0.8912503412,0.1,19,reviewed,tx,tx
2023-09-10T23:46:12.927Z,37.1967,-104.7813,1.963,3.6,mwr,28,59,0.075,0.53,us,us7000kuwn,2023-10-11T02:48:24.478Z,"8 km NNW of Segundo, Colorado",earthquake,3.07,5.485,0.083,14,reviewed,us,us
2023-09-11T00:23:35.998Z,31.65478102,-104.280893,8.445288086,2.9,ml,59,58,0.02167422663,0.3,tx,tx2023ruhc,2023-10-11T02:51:09.040Z,"58 km S of Whites City, New Mexico",earthquake,0.7630505774000002,0.7357579707,0.1,32,reviewed,tx,tx
2023-09-11T02:53:57.776Z,37.19,-104.7149,7.047,3.4,ml,15,82,0.087,0.61,us,us7000kuy4,2023-10-12T12:55:07.040Z,"Colorado",earthquake,1.87,1.796,0.069,35,reviewed,us,us
2023-09-11T02:57:03.796Z,37.5552,-104.711,5,2.5,ml,9,87,0.436,0.68,us,us6000lf2l,2023-10-12T13:39:29.040Z,"9 km SE of Walsenburg, Colorado",earthquake,2.12,1.891,0.128,8,reviewed,us,us
2023-09-11T06:09:17.930Z,33.7723333,-116.149,5.25,2.55,ml,89,33,0.06513,0.14,ci,ci39662442,2023-10-30T12:41:56.095Z,"8 km NE of Indio, CA",earthquake,0.12,0.38,0.201,26,reviewed,ci,ci
2023-09-11T07:17:49.890Z,39.8678333,-121.0091667,1.53,2.54,md,70,43,0.3573,0.25,nc,nc73935651,2023-09-13T07:12:47.040Z,"9 km SSE of Meadow Valley, CA",earthquake,0.24,1.63,0.135,67,reviewed,nc,nc
2023-09-11T09:35:33.460Z,39.3005,-122.7956667,6.14,2.5,md,75,62,0.1495,0.14,nc,nc73935691,2023-10-25T12:54:14.040Z,"18 km NNE of Upper Lake, CA",earthquake,0.16,0.66,0.239,102,reviewed,nc,nc
2023-09-11T11:32:28.379Z,31.6574241,-104.3772564,6.131567383,3.1,ml,63,58,0.04671835208,0.3,tx,tx2023rvdd,2023-09-22T07:45:41.040Z,"57 km S of Whites City, New Mexico",earthquake,0.6859440361,0.5905639471000002,0.1,35,reviewed,tx,tx
2023-09-11T11:59:15.755Z,32.689,-109.1253,5,2.8,ml,23,70,0.138,0.64,us,us7000kuzs,2023-09-22T07:47:51.040Z,"Arizona",earthquake,2.12,1.968,0.057,40,reviewed,us,us
2023-09-11T20:07:23.647Z,29.09454346,-97.86982996,2.518839518,3.2,ml,19,85,0.06950751704,0.3,tx,tx2023rvuc,2023-10-12T13:33:03.040Z,"18 km SSE of Stockdale, Texas",earthquake,2.206267046,2.101764894,0.2,10,reviewed,tx,tx
2023-09-11T23:49:24.549Z,29.05975342,-97.87189798,4.670857747,3.1,ml,22,82,0.08016490881,0.2,tx,tx2023rwbl,2023-10-12T03:58:48.040Z,"16 km ENE of Falls City, Texas",earthquake,1.295215068,2.533880727,0,7,reviewed,tx,tx
2023-09-11T23:56:08.599Z,29.04327393,-97.85948989,0.0244547526,2.8,ml,12,73,0.04961824465,0.1,tx,tx2023rwbr,2023-10-12T04:14:20.040Z,"16 km ENE of Falls City, Texas",earthquake,0.7643002763,1.262380539,0.1,16,reviewed,tx,tx
2023-09-12T07:01:48.195Z,40.1787,-117.7743,7.5,2.6,ml,4,250.73,0.445,0.0634,nn,nn00865740,2023-09-19T06:56:25.040Z,"59 km E of Lovelock, Nevada",earthquake,,11,0.17,3,reviewed,nn,nn
2023-09-12T08:32:21.450Z,37.1875,-121.573,5.81,3.28,ml,147,36,0.04897,0.11,nc,nc73935981,2023-10-25T13:19:58.040Z,"10 km NE of Morgan Hill, CA",earthquake,0.09,0.21,0.164,115,reviewed,nc,nc
2023-09-12T15:34:09.774Z,32.68157959,-100.691573,7.409790039,2.8,ml,20,56,0.04119253899,0.2,tx,tx2023rxgp,2023-09-13T15:57:55.040Z,"8 km NE of Hermleigh, Texas",earthquake,0.7847935487999999,1.19854764,0.1,20,reviewed,tx,tx
2023-09-12T17:19:15.464Z,31.67568637,-104.4309811,6.774267578,2.8,ml,14,60,0.006334042429,0.1,tx,tx2023rxkc,2023-10-09T17:42:48.040Z,"55 km S of Whites City, New Mexico",earthquake,1.648696599,1.355906615,0.1,6,reviewed,tx,tx
2023-09-12T17:25:20.000Z,47.645833333333336,-117.68783333333333,7.77,2.73,ml,12,63,0.1153,0.08,uw,uw61950352,2023-10-11T22:24:44.040Z,"Washington",earthquake,0.35,1.29,0.1436090416947886,4,reviewed,uw,uw
2023-09-12T22:01:06.404Z,34.1545,-106.958,4.954,2.6,ml,39,59,0.017,0.7,us,us7000kvdp,2023-10-11T03:41:22.193Z,"4 km W of Lemitar, New Mexico",earthquake,4.61,5.665,0.105,12,reviewed,us,us
2023-09-13T05:18:31.195Z,31.62901529,-104.3635558,6.851391602,2.7,ml,18,76,0.06442958063,0.1,tx,tx2023ryhu,2023-10-11T09:45:14.040Z,"60 km S of Whites City, New Mexico",earthquake,0.9610586562,1.219660307,0,6,reviewed,tx,tx
2023-09-14T02:43:54.090Z,36.5745,-121.1756667,7.74,3.35,ml,87,53,0.008319,0.15,nc,nc73936566,2023-10-18T23:25:22.040Z,"6 km NNW of Pinnacles, CA",earthquake,0.2,0.32,0.123,83,reviewed,nc,nc
2023-09-14T07:32:51.010Z,28.0038,-112.1522,10,4,mb,29,120,0.686,0.54,us,us7000kvns,2023-10-21T07:18:36.040Z,"74 km N of Santa Rosal√≠a, Mexico",earthquake,4.92,1.99,0.172,9,reviewed,us,us
2023-09-14T09:46:44.040Z,35.4138333,-117.1861667,1.82,2.7,ml,29,81,0.183,0.12,ci,ci39664754,2023-10-11T07:04:33.040Z,"41 km E of Johannesburg, CA",earthquake,0.18,0.72,0.139,111,reviewed,ci,ci
2023-09-14T15:25:53.760Z,40.815,-111.6643333,11.94,2.51,ml,30,62,0.1145,0.18,uu,uu60550122,2023-10-09T21:38:07.738Z,"8 km NNW of Summit Park, Utah",earthquake,0.34,0.66,0.178,20,reviewed,uu,uu
2023-09-14T18:50:41.793Z,29.07531738,-97.86465993,5.428955078000001,4,ml,27,50,0.0968863031,0.3,tx,tx2023sbec,2023-10-25T13:49:15.069Z,"18 km NE of Falls City, Texas",earthquake,1.486079629,2.0866699,0,6,reviewed,tx,tx
2023-09-15T11:58:32.872Z,29.03045654,-97.9029182,8.339070638,3,ml,16,66,0.04820144029,0.3,tx,tx2023sclz,2023-09-23T06:06:24.040Z,"12 km ENE of Falls City, Texas",earthquake,1.718567809,2.683085573,0.2,10,reviewed,tx,tx
2023-09-15T13:43:47.757Z,38.1724,-117.8582,9.3,2.5,ml,12,62.37,0.103,0.119,nn,nn00865851,2023-09-16T04:47:00.040Z,"32 km SE of Mina, Nevada",earthquake,,1.2,0.37,7,reviewed,nn,nn
2023-09-15T18:02:26.810Z,40.231,-121.1586667,0.03,2.71,md,62,32,0.2421,0.19,nc,nc73937126,2023-10-11T22:34:26.040Z,"2 km NE of Almanor, CA",earthquake,0.21,1.57,0.164,83,reviewed,nc,nc
2023-09-15T21:41:15.050Z,40.9978333,-121.5371667,13.67,2.82,md,52,31,0.09306,0.15,nc,nc73937206,2023-09-18T20:49:47.040Z,"8 km W of Fall River Mills, CA",earthquake,0.19,0.57,0.111,63,reviewed,nc,nc
2023-09-15T22:24:16.979Z,38.1509,-118.1633,11.4,3.2,ml,12,42.98,0.148,0.1123,nn,nn00865877,2023-09-15T23:07:42.107Z,"27 km S of Mina, Nevada",earthquake,,1.7,0.16,7,reviewed,nn,nn
2023-09-16T06:42:19.210Z,36.673,-89.5321666666667,11.62,2.75,md,64,36,0.0549,0.12,nm,nm60551786,2023-09-27T10:55:51.040Z,"9 km N of New Madrid, Missouri",earthquake,0.16,0.26,0.0827853703164498,55,reviewed,nm,nm
2023-09-16T13:11:14.050Z,40.7228333,-124.607,21.19,2.63,md,73,225,0.2995,0.19,nc,nc73937486,2023-10-20T20:01:44.040Z,"33 km WNW of Ferndale, CA",earthquake,0.58,0.48,0.266,64,reviewed,nc,nc
2023-09-16T16:49:57.560Z,34.0333333,-116.7355,11.98,2.64,ml,101,21,0.06005,0.16,ci,ci39667082,2023-09-30T19:17:13.040Z,"14 km NNE of Cabazon, CA",earthquake,0.1,0.3,0.189,130,reviewed,ci,ci
2023-09-16T21:48:50.090Z,33.9888333,-118.346,11.58,2.56,ml,106,37,0.01316,0.23,ci,ci39667186,2023-10-09T22:32:31.204Z,"1 km SSE of View Park-Windsor Hills, CA",earthquake,0.15,0.24,0.186,114,reviewed,ci,ci
2023-09-17T07:08:54.480Z,47.60316666666667,-121.76083333333334,15.79,2.5,ml,66,105,0.1022,0.38,uw,uw61960406,2023-10-13T05:23:15.590Z,"9 km NNE of Snoqualmie, Washington",earthquake,0.37,0.69,0.13993637947726945,49,reviewed,uw,uw
2023-09-17T07:43:08.855Z,48.108,-115.1836,14.722,2.6,ml,52,67,0.358,0.3,us,us7000kwae,2023-10-13T05:30:37.653Z,"",earthquake,1.95,6.699,0.048,58,reviewed,us,us
2023-09-17T20:20:29.317Z,35.4387,-113.2249,5,2.8,ml,21,47,0.569,0.72,us,us7000kwcr,2023-09-26T15:08:52.487Z,"20 km ESE of Peach Springs, Arizona",earthquake,1.45,1.933,0.042,76,reviewed,us,us
2023-09-18T04:17:37.720Z,39.2225,-120.0956667,3.53,3.22,ml,32,52,0.08394,0.12,nc,nc73938166,2023-10-19T01:41:09.040Z,"4 km N of Dollar Point, CA",earthquake,0.2,0.62,0.197,69,reviewed,nc,nc
2023-09-18T06:20:52.980Z,38.8108333,-122.793,1.47,3.22,ml,113,31,0.00338,0.1,nc,nc73938186,2023-10-19T09:03:31.040Z,"5 km NW of The Geysers, CA",earthquake,0.09,0.14,0.199,107,reviewed,nc,nc
2023-09-18T08:04:48.250Z,39.222,-120.0956667,1.96,2.51,md,18,55,0.08436,0.11,nc,nc73938276,2023-09-21T06:59:46.040Z,"4 km N of Dollar Point, CA",earthquake,0.27,1.25,0.248,37,reviewed,nc,nc
2023-09-18T14:34:40.980Z,40.1778,-98.3284,9.962,3.4,mb_lg,24,52,1.237,0.52,us,us7000kwge,2023-09-26T19:01:11.294Z,"10 km E of Cowles, Nebraska",earthquake,2.07,7.527,0.041,153,reviewed,us,us
2023-09-18T23:25:34.400Z,36.1928333,-120.7761667,8.15,2.96,md,68,76,0.03069,0.18,nc,nc73938606,2023-10-16T22:19:29.040Z,"22 km NNE of San Ardo, CA",earthquake,0.29,0.45,0.103,83,reviewed,nc,nc
2023-09-19T00:15:32.580Z,37.4418333,-121.2848333,0.05,3.97,mw,167,93,0.05643,0.17,nc,nc73938626,2023-10-18T16:58:41.217Z,"14 km SSW of Westley, CA",earthquake,0.15,0.21,,3,reviewed,nc,nc
2023-09-19T03:44:30.550Z,37.4358333,-121.3031667,-0.4,3.49,mw,149,90,0.05285,0.19,nc,nc73938706,2023-10-27T00:37:01.024Z,"15 km SW of Westley, CA",earthquake,0.18,0.24,,3,reviewed,nc,nc
2023-09-19T04:13:10.380Z,37.4381667,-121.2958333,3.51,4.53,mw,174,91,0.05369,0.18,nc,nc73938736,2023-10-27T01:23:03.484Z,"15 km SW of Westley, CA",earthquake,0.17,0.5,,5,reviewed,nc,nc
2023-09-19T04:40:58.670Z,37.423,-121.3023333,2.13,2.97,ml,122,98,0.04056,0.21,nc,nc73938781,2023-10-27T01:35:17.040Z,"16 km WSW of Patterson, CA",earthquake,0.22,0.51,0.209,92,reviewed,nc,nc
2023-09-19T04:50:24.410Z,34.0225,-116.9581667,6.84,2.6,ml,108,21,0.07325,0.16,ci,ci39668586,2023-10-19T02:57:59.040Z,"8 km E of Yucaipa, CA",earthquake,0.09,0.45,0.132,131,reviewed,ci,ci
2023-09-19T05:25:21.350Z,37.422,-121.3036667,3.68,3.06,ml,131,137,0.04005,0.2,nc,nc73938826,2023-10-27T04:59:20.040Z,"16 km WSW of Patterson, CA",earthquake,0.18,0.44,0.194,96,reviewed,nc,nc
2023-09-19T09:54:27.540Z,34.1121667,-117.47,6.8,3.06,ml,150,15,0.02881,0.22,ci,ci39668658,2023-10-13T06:20:51.400Z,"2 km NW of Fontana, CA",earthquake,0.11,0.29,0.165,167,reviewed,ci,ci
2023-09-19T10:21:52.700Z,37.4476667,-121.2435,4.82,2.98,ml,46,82,0.06983,0.15,nc,nc73938936,2023-10-30T15:01:44.040Z,"10 km WSW of Patterson, CA",earthquake,0.25,0.72,0.216,88,reviewed,nc,nc
2023-09-19T10:54:55.937Z,40.1755,-98.3374,9.951,2.8,mb_lg,24,52,1.24,0.43,us,us7000kwmt,2023-10-30T16:40:51.040Z,"9 km E of Cowles, Nebraska",earthquake,1.84,7.414,0.054,92,reviewed,us,us
2023-09-19T18:18:08.669Z,40.1848,-98.3216,9.981,2.6,mb_lg,24,34,1.229,0.5,us,us7000kwqd,2023-10-25T16:57:04.040Z,"10 km E of Cowles, Nebraska",earthquake,1.8,7.309,0.076,45,reviewed,us,us
2023-09-19T22:30:03.350Z,34.47283333,-97.775,13.92,2.71,ml,78,48,0.1367731604,0.44,ok,ok2023skov,2023-10-28T22:57:06.040Z,"9 km W of Velma, Oklahoma",earthquake,,1.6,0.22,24,reviewed,ok,ok
2023-09-20T00:03:39.090Z,40.8551667,-124.0793333,16.75,2.78,md,30,147,0.05335,0.12,nc,nc73939161,2023-11-11T03:39:40.974Z,"1 km SSE of Arcata, CA",earthquake,0.42,0.26,0.152,39,reviewed,nc,nc
2023-09-20T01:29:57.898Z,32.47375488,-102.0924638,4.352945964,2.8,ml,21,73,0.1012374717,0.2,tx,tx2023skuu,2023-10-27T01:37:13.040Z,"31 km SSW of Los Ybanez, Texas",earthquake,1.195755628,2.5332279909999995,0.1,7,reviewed,tx,tx
2023-09-20T01:30:55.810Z,49.27066666666666,-119.53783333333334,-0.7,2.62,ml,8,184,0.07725,0.2,uw,uw61960946,2023-10-02T22:12:12.000Z,"",explosion,0.93,31.61,0.10232930801300877,5,reviewed,uw,uw
2023-09-20T02:14:59.485Z,31.479,-103.737,133.4251,2.8,mlv,5,357,0.6,0,tx,tx2023skwh,2023-09-22T22:26:48.972Z,"18 km NNE of Toyah, Texas",earthquake,176.9326764,41.24241036,0.4,3,automatic,tx,tx
2023-09-20T02:39:38.572Z,38.1753,-117.7825,8.1,3.3,ml,14,50.98,0.115,0.1213,nn,nn00866091,2023-10-19T03:14:39.040Z,"37 km SE of Mina, Nevada",earthquake,,1.1,0.2,8,reviewed,nn,nn
2023-09-20T10:27:11.509Z,34.4715,-97.7675,16.95,2.94,ml,89,48,0.1394726307,0.4,ok,ok2023slmm,2023-10-25T04:35:49.040Z,"Oklahoma",earthquake,,1.1,0.24,26,reviewed,ok,ok
2023-09-20T16:09:55.377Z,31.51911132,-104.1640309,6.568603516,2.809321979,ml(texnet),10,77.0350531,0.1604871948,0.2060111058,tx,tx2023slxy,2023-10-18T02:24:57.040Z,"41 km WNW of Toyah, Texas",earthquake,1.604061625,2.469253901,0.1581722777,7,reviewed,tx,tx
2023-09-20T19:15:32.196Z,37.2932,-104.4898,5.158,2.8,mb_lg,9,65,0.166,0.13,us,us7000kwz1,2023-09-26T18:14:31.066Z,"7 km NNW of El Moro, Colorado",earthquake,1.33,3.516,0.102,43,reviewed,us,us
2023-09-20T22:47:28.430Z,39.7386667,-120.5633333,1.07,2.83,md,21,65,0.1024,0.1,nc,nc73939586,2023-10-19T03:17:15.040Z,"0 km E of Valley Ranch, CA",earthquake,0.26,1.53,0.175,46,reviewed,nc,nc
2023-09-21T07:14:07.530Z,37.3068333,-122.076,8.12,2.88,md,137,67,0.02988,0.16,nc,nc73939716,2023-10-28T02:17:23.272Z,"4 km WSW of Cupertino, CA",earthquake,0.14,0.22,0.117,160,reviewed,nc,nc
2023-09-21T07:24:26.789Z,34.4735,-97.76116667,18.13,2.84,ml,97,47,0.1403724541,0.38,ok,ok2023snbz,2023-10-29T11:14:23.040Z,"8 km W of Velma, Oklahoma",earthquake,,0.9,0.22,27,reviewed,ok,ok
2023-09-21T19:35:48.366Z,32.008,-103.842,5.9259,2.5,ml(texnet),20,74,0,0.1,tx,tx2023soac,2023-09-27T16:21:15.040Z,"32 km SE of Malaga, New Mexico",earthquake,1.380029687,0.8132823206,0.1,6,reviewed,tx,tx
2023-09-21T21:29:07.080Z,34.4805,-97.76816667,6.63,2.95,ml,91,47,0.1313742199,0.38,ok,ok2023sodv,2023-09-29T03:26:35.040Z,"8 km WNW of Velma, Oklahoma",earthquake,,0.9,0.23,28,reviewed,ok,ok
2023-09-22T00:11:43.910Z,40.4101667,-124.6886667,23.14,2.5,md,36,235,0.2759,0.17,nc,nc73940091,2023-10-27T02:13:09.040Z,"36 km WNW of Petrolia, CA",earthquake,1.35,0.82,0.389,33,reviewed,nc,nc
2023-09-22T08:19:17.179Z,36.41533333,-96.87583333,7.32,2.71,ml,95,58,0,0.24,ok,ok2023sozh,2023-10-01T14:08:16.040Z,"10 km NW of Pawnee, Oklahoma",earthquake,,0.3,0.24,33,reviewed,ok,ok
2023-09-22T08:56:47.740Z,36.41433333,-96.8765,7.29,2.83,ml,99,58,0,0.25,ok,ok2023span,2023-10-01T14:18:12.040Z,"",earthquake,,0.3,0.24,39,reviewed,ok,ok
2023-09-22T10:46:38.850Z,35.54033333,-96.7555,7,3.22,ml,101,35,0,0.18,ok,ok2023sped,2023-10-19T11:46:29.040Z,"8 km NW of Prague, Oklahoma",earthquake,,0.4,0.21,39,reviewed,ok,ok
2023-09-22T12:18:31.454Z,32.2871,-103.3149,7.7,3.5,ml,33,61,0.098,0.5,us,us7000kxci,2023-10-01T04:46:39.040Z,"22 km SW of Eunice, New Mexico",earthquake,1.94,6.915,0.085,26,reviewed,us,us
2023-09-22T18:03:14.460Z,37.3086667,-122.0761667,7.97,2.82,md,123,67,0.0115,0.14,nc,nc73940346,2023-10-18T17:36:56.040Z,"4 km WSW of Cupertino, CA",earthquake,0.13,0.18,0.13,149,reviewed,nc,nc
2023-09-22T18:51:55.609Z,35.53883333,-96.75333333,7.91,2.97,ml,100,35,0.1169770451,0.21,ok,ok2023spud,2023-10-25T16:45:04.040Z,"8 km NW of Prague, Oklahoma",earthquake,,0.5,0.21,24,reviewed,ok,ok
2023-09-22T20:15:58.090Z,32.685,-100.689,6.774,3.9,ml(texnet),23,56,0,0.1,tx,tx2023spwx,2023-10-18T19:39:24.331Z,"8 km NE of Hermleigh, Texas",earthquake,0.7517569669,1.262697308,0,6,reviewed,tx,tx
2023-09-23T00:48:19.951Z,31.679,-104.418,6.3886,2.5,ml(texnet),16,68,0,0.2,tx,tx2023sqfx,2023-10-02T00:36:24.040Z,"55 km S of Whites City, New Mexico",earthquake,0.8000584012,0.7457911883,0.1,31,reviewed,tx,tx
2023-09-23T07:26:09.700Z,37.5263333,-118.8351667,3.35,2.81,md,31,106,0.06376,0.04,nc,nc73940601,2023-10-25T05:01:12.040Z,"14 km WSW of Toms Place, CA",earthquake,0.35,0.72,0.139,46,reviewed,nc,nc
2023-09-23T11:59:56.558Z,37.1985,-114.6956,0,2.7,ml,12,121.76,0.351,0.1064,nn,nn00866289,2023-10-29T11:31:22.040Z,"45 km ESE of Alamo, Nevada",earthquake,,0,0.36,9,reviewed,nn,nn
2023-09-23T14:09:21.319Z,31.641,-104.177,6.5686,2.6,ml(texnet),17,59,0.1,0.2,tx,tx2023srgi,2023-10-27T19:28:36.040Z,"51 km NW of Toyah, Texas",earthquake,0.8686963874,1.261027452,0.1,33,reviewed,tx,tx
2023-09-23T15:49:59.191Z,32.68,-100.692,8.8771,2.6,ml(texnet),12,83,0,0.2,tx,tx2023srjq,2023-09-25T04:25:24.777Z,"8 km NE of Hermleigh, Texas",earthquake,0.9531648543,1.322780591,0.1,9,reviewed,tx,tx
2023-09-23T15:57:47.940Z,37.4186667,-121.3045,3.44,3.22,ml,127,126,0.03733,0.17,nc,nc73940786,2023-10-14T14:52:25.040Z,"16 km WSW of Patterson, CA",earthquake,0.17,0.44,0.212,117,reviewed,nc,nc
2023-09-23T16:36:41.177Z,31.498,-103.581,4.8205,2.7,ml(texnet),20,71,0.1,0.3,tx,tx2023srle,2023-09-25T04:25:41.347Z,"western Texas",earthquake,1.197062793,1.247607921,0.3,12,reviewed,tx,tx
2023-09-23T21:50:18.210Z,32.682,-100.686,6.7984,2.9,ml(texnet),19,83,0,0.1,tx,tx2023srvo,2023-10-27T01:44:04.040Z,"8 km NE of Hermleigh, Texas",earthquake,0.8315215549,1.768094191,0.1,12,reviewed,tx,tx
2023-09-23T22:02:35.160Z,37.4305,-121.7723333,11.1,2.67,md,129,31,0.02984,0.09,nc,nc73940946,2023-10-01T17:15:51.040Z,"9 km NE of Alum Rock, CA",earthquake,0.09,0.25,0.16,150,reviewed,nc,nc
2023-09-24T00:48:33.040Z,37.4343333,-113.1275,10.56,2.57,ml,17,54,0.07811,0.19,uu,uu60550762,2023-10-25T22:49:24.040Z,"12 km SSE of Kanarraville, Utah",earthquake,0.38,0.67,0.153,16,reviewed,uu,uu
2023-09-24T07:11:42.633Z,31.678,-104.52,5.4889,2.7,ml(texnet),29,146,0,0.3,tx,tx2023ssob,2023-10-19T11:35:20.040Z,"",earthquake,1.063387978,0.5545541541,0.2,19,reviewed,tx,tx
2023-09-24T07:13:14.839Z,31.626,-104.516,5.0261,3.2,ml(texnet),29,148,0,0.3,tx,tx2023ssod,2023-10-19T11:47:38.040Z,"62 km SSW of Whites City, New Mexico",earthquake,1.9481208,1.407665056,0.2,19,reviewed,tx,tx
2023-09-24T08:50:17.927Z,32.687,-100.687,6.4805,2.8,ml(texnet),19,82,0,0.1,tx,tx2023ssri,2023-10-19T05:25:33.040Z,"8 km NE of Hermleigh, Texas",earthquake,0.6814649773,0.8091383874,0.1,14,reviewed,tx,tx
2023-09-24T16:55:47.920Z,35.5036667,-118.3926667,4.92,2.57,ml,52,29,0.1721,0.18,ci,ci40571648,2023-10-21T22:45:18.040Z,"13 km SE of Bodfish, CA",earthquake,0.15,1.18,0.165,71,reviewed,ci,ci
2023-09-24T23:59:29.388Z,45.7301,-73.4849,5.178,2.7,mb_lg,32,82,0.249,0.58,us,us7000kxw7,2023-10-30T20:23:00.846Z,"1 km N of Charlemagne, Canada",earthquake,5.2,7.726,0.117,19,reviewed,us,us
2023-09-25T00:40:31.129Z,34.48,-97.77266667,19.89,3.68,ml,97,47,0,0.36,ok,ok2023stwr,2023-10-30T22:49:08.632Z,"9 km WNW of Velma, Oklahoma",earthquake,,0.7,0.23,32,reviewed,ok,ok
2023-09-25T03:18:10.059Z,32.403,-102.021,9.7085,3.3,ml(texnet),17,53,0.1,0.1,tx,tx2023subv,2023-10-25T21:32:31.040Z,"31 km WSW of Ackerly, Texas",earthquake,0.8518771206,2.100788212,0.1,7,reviewed,tx,tx
2023-09-25T04:09:13.835Z,31.719,-103.998,6.3372,2.6,ml(texnet),21,45,0,0.1,tx,tx2023sudn,2023-10-30T23:01:49.040Z,"37 km W of Mentone, Texas",earthquake,0.7545132382,0.8756983871,0,7,reviewed,tx,tx
2023-09-25T06:42:33.790Z,35.0428333,-119.6403333,14.25,3.05,ml,66,42,0.1036,0.32,ci,ci40572024,2023-09-26T06:38:27.040Z,"20 km WSW of Taft, CA",earthquake,0.31,0.58,0.118,75,reviewed,ci,ci
2023-09-25T09:02:20.516Z,28.915,-97.963,4.1818,3.1,ml(texnet),15,71,0,0.2,tx,tx2023sunf,2023-11-08T15:13:54.040Z,"6 km WNW of Karnes City, Texas",earthquake,1.274075914,2.064350881,0.2,9,reviewed,tx,tx
2023-09-25T09:10:06.490Z,36.692,-121.3443333,5.29,2.59,md,62,47,0.01553,0.19,nc,nc73941686,2023-10-02T13:20:43.040Z,"11 km SSW of Tres Pinos, CA",earthquake,0.25,0.63,0.123,72,reviewed,nc,nc
2023-09-25T17:17:19.048Z,28.796,-98.457,4.2796,2.5,ml(texnet),26,65,0,0.3,tx,tx2023svdn,2023-11-03T20:42:50.040Z,"4 km E of Christine, Texas",earthquake,1.39279251,1.817884593,0,7,reviewed,tx,tx
2023-09-25T18:10:11.669Z,34.07033333,-97.43233333,6.31,2.51,ml,77,46,0,0.37,ok,ok2023svfh,2023-10-26T13:27:53.040Z,"10 km S of Wilson, Oklahoma",earthquake,,0.9,0.24,22,reviewed,ok,ok
2023-09-25T21:48:06.038Z,44.4587,-115.1984,10,2.5,ml,21,56,0.689,0.63,us,us7000ky20,2023-10-20T19:27:40.040Z,"southern Idaho",earthquake,1.79,1.997,0.085,18,reviewed,us,us
2023-09-26T00:26:42.480Z,39.7425,-120.5643333,5.01,2.77,md,19,66,0.1021,0.12,nc,nc73941941,2023-10-22T23:58:55.040Z,"0 km NNE of Valley Ranch, CA",earthquake,0.28,0.9,0.129,38,reviewed,nc,nc
2023-09-26T02:30:46.014Z,44.7197,-111.7899,10,2.5,ml,43,48,0.089,0.48,us,us7000ky3w,2023-10-30T23:44:55.040Z,"46 km NW of Island Park, Idaho",earthquake,1.09,2.001,0.048,58,reviewed,us,us
2023-09-26T18:40:03.090Z,40.694,-123.581,30.66,3.17,ml,74,22,0.2141,0.15,nc,nc73942216,2023-10-24T22:06:10.040Z,"28 km S of Willow Creek, CA",earthquake,0.21,0.55,0.166,25,reviewed,nc,nc
2023-09-26T19:10:51.971Z,31.706,-104.165,6.4915,2.6,ml(texnet),19,52,0.1,0.1,tx,tx2023sxcu,2023-11-03T16:00:43.040Z,"53 km W of Mentone, Texas",earthquake,0.8191983737,1.137363396,0.1,7,reviewed,tx,tx
2023-09-27T01:29:07.990Z,35.8795,-117.686,2.74,3.04,ml,33,71,0.09549,0.16,ci,ci40573224,2023-10-25T23:45:35.040Z,"21 km ESE of Little Lake, CA",earthquake,0.19,0.74,0.146,98,reviewed,ci,ci
2023-09-27T05:27:58.160Z,37.517,-118.8553333,5.77,2.84,md,32,83,0.07582,0.03,nc,nc73942461,2023-11-08T14:41:18.040Z,"16 km WSW of Toms Place, CA",earthquake,0.34,0.57,0.104,51,reviewed,nc,nc
2023-09-27T19:39:34.492Z,31.601,-104.55,5.5403,2.5,ml(texnet),27,75,0.1,0.2,tx,tx2023syzg,2023-11-03T20:44:40.040Z,"65 km SSW of Whites City, New Mexico",earthquake,1.715207165,1.405031439,0.1,19,reviewed,tx,tx
2023-09-27T20:00:21.390Z,38.558,-119.5118333,4.58,3.6,ml,25,112,0.02859,0.07,nc,nc73942611,2023-10-28T06:33:08.493Z,"6 km NNW of Walker, CA",earthquake,0.2,0.34,0.182,161,reviewed,nc,nc
2023-09-27T20:21:21.600Z,44.4155,-115.13,10,2.7,ml,17,44,0.714,0.99,us,us6000lb7g,2023-10-26T13:29:01.040Z,"",earthquake,1.69,1.989,0.055,44,reviewed,us,us
2023-09-28T09:26:54.354Z,31.751,-104.183,6.3244,3.2,ml(texnet),36,57,0,0.1,tx,tx2023taap,2023-10-26T11:26:22.040Z,"50 km SSE of Whites City, New Mexico",earthquake,0.4224763812,0.6147673794,0.3,27,reviewed,tx,tx
2023-09-28T10:50:20.712Z,32.2208,-110.5104,11.504,3.1,ml,11,127,0.249,0.71,us,us6000lbcm,2023-11-08T15:02:11.040Z,"21 km E of Tanque Verde, Arizona",earthquake,4.24,7.005,0.06,36,reviewed,us,us
2023-09-28T11:13:23.580Z,31.611,-104.541,5.7459,2.6,ml(texnet),20,75,0.1,0.2,tx,tx2023taec,2023-10-26T11:32:58.040Z,"64 km SSW of Whites City, New Mexico",earthquake,1.975792663,1.785301842,0.1,7,reviewed,tx,tx
2023-09-28T11:57:03.687Z,28.849,-98.137,2.5677,2.8,ml(texnet),20,63,0.1,0.3,tx,tx2023tafm,2023-11-08T15:05:03.040Z,"18 km SW of Falls City, Texas",earthquake,0.8626287278,3.37388191,0.2,16,reviewed,tx,tx
2023-09-28T15:55:43.483Z,31.603,-104.564,6.4658,2.7,ml(texnet),23,77,0.1,0.2,tx,tx2023tanj,2023-10-25T15:55:40.040Z,"",earthquake,1.984926892,1.776621523,0.1,7,reviewed,tx,tx
2023-09-28T17:56:18.920Z,38.2968333,-119.3776667,6.9,2.64,md,39,105,0.0716,0.1,nc,nc73943081,2023-10-28T06:15:23.517Z,"14 km WNW of Bridgeport, CA",earthquake,0.24,0.47,0.212,40,reviewed,nc,nc
2023-09-29T00:09:52.101Z,31.653,-104.45,6.6971,2.8,ml(texnet),21,72,0,0.2,tx,tx2023tbdq,2023-10-19T18:49:51.536Z,"58 km S of Whites City, New Mexico",earthquake,1.306123671,0.6950173415,0,6,reviewed,tx,tx
2023-09-29T14:03:31.990Z,38.8298333,-122.8188333,2.09,2.6,md,79,20,0.009388,0.06,nc,nc73943336,2023-10-31T04:34:11.040Z,"8 km NW of The Geysers, CA",earthquake,0.1,0.16,0.187,93,reviewed,nc,nc
2023-09-29T17:00:25.484Z,31.4076,-115.3857,5,2.9,ml,51,78,0.292,0.93,us,us6000lbr5,2023-10-25T17:08:58.040Z,"67 km NW of San Felipe, Mexico",earthquake,1.6,1.958,0.048,58,reviewed,us,us
2023-09-29T19:13:26.050Z,32.7313333,-115.5546667,12.58,2.89,ml,53,39,0.03972,0.24,ci,ci40574560,2023-10-30T20:17:10.872Z,"2 km W of Heber, CA",earthquake,0.23,0.46,0.195,97,reviewed,ci,ci
2023-09-29T20:14:40.882Z,31.519,-104.007,6.9028,2.5,ml(texnet),15,63,0,0.1,tx,tx2023tcrj,2023-11-03T14:36:52.040Z,"30 km NW of Toyah, Texas",earthquake,1.051781099,0.8702480795,0.1,7,reviewed,tx,tx
2023-09-30T01:11:31.108Z,32.7,-100.698,1.9319,3,ml(texnet),14,47,0,0.1,tx,tx2023tdbf,2023-10-25T22:54:08.040Z,"9 km NE of Hermleigh, Texas",earthquake,1.019387885,1.859434706,0.1,21,reviewed,tx,tx
2023-09-30T06:08:07.707Z,32.705,-100.698,2.1765,3.1,ml(texnet),11,71,0,0.1,tx,tx2023tdla,2023-11-02T04:58:52.040Z,"9 km NE of Hermleigh, Texas",earthquake,0.7557533856,1.235482144,0.1,17,reviewed,tx,tx
2023-09-30T14:45:11.850Z,38.3046667,-119.3678333,5.85,2.69,md,42,94,0.07204,0.19,nc,nc73943811,2023-11-05T20:19:36.040Z,"13 km WNW of Bridgeport, CA",earthquake,0.28,0.83,0.238,47,reviewed,nc,nc
2023-09-30T15:26:26.760Z,40.5588333,-124.2886667,17.88,4.65,mw,45,166,0.02573,0.2,nc,nc73943821,2023-11-11T03:41:20.500Z,"3 km SW of Ferndale, CA",earthquake,0.44,0.29,,5,reviewed,nc,nc
2023-09-30T17:16:47.830Z,40.501,-124.4385,29.09,4.22,mw,40,221,0.08112,0.14,nc,nc73943846,2023-11-03T14:24:13.181Z,"17 km WSW of Ferndale, CA",earthquake,0.66,0.51,,6,reviewed,nc,nc
2023-09-30T17:25:19.230Z,40.5076667,-124.443,29.62,2.64,md,32,238,0.08662,0.1,nc,nc73943851,2023-11-03T14:14:07.040Z,"17 km WSW of Ferndale, CA",earthquake,0.59,0.59,0.346,49,reviewed,nc,nc
2023-10-01T00:42:04.830Z,38.3045,-119.3696667,6.99,2.59,md,38,94,0.07101,0.17,nc,nc73943981,2023-11-02T02:17:11.040Z,"13 km WNW of Bridgeport, CA",earthquake,0.26,0.53,0.215,45,reviewed,nc,nc
2023-10-01T09:36:23.525Z,31.656,-104.413,6.0802,2.5,ml(texnet),15,62,0,0.1,tx,tx2023tfnj,2023-11-11T06:28:38.040Z,"57 km S of Whites City, New Mexico",earthquake,0.9030541489,0.7937594849,0.1,23,reviewed,tx,tx
2023-10-01T15:41:29.620Z,40.2951667,-124.287,9.8,4.09,mw,42,105,0.02685,0.17,nc,nc73944166,2023-10-30T20:11:43.334Z,"3 km S of Petrolia, CA",earthquake,0.37,0.23,,4,reviewed,nc,nc
2023-10-01T17:52:12.820Z,41.8476667,-111.506,6.37,2.5,ml,28,71,0.1993,0.18,uu,uu60551252,2023-11-08T21:24:12.040Z,"10 km WSW of Garden, Utah",earthquake,0.37,0.7,0.352,10,reviewed,uu,uu
2023-10-01T19:29:36.760Z,40.2915,-124.2905,9.59,3.61,mw,40,115,0.0308,0.17,nc,nc73944271,2023-10-10T16:43:18.991Z,"4 km S of Petrolia, CA",earthquake,0.36,0.21,,4,reviewed,nc,nc
2023-10-01T19:47:41.059Z,32.683,-100.696,6.4805,2.9,ml(texnet),21,55,0,0.2,tx,tx2023tghn,2023-11-01T16:12:05.040Z,"7 km NE of Hermleigh, Texas",earthquake,0.8373330724,1.230174246,0,6,reviewed,tx,tx
2023-10-02T03:21:22.285Z,32.758,-100.655,3.8394,3.6,ml(texnet),14,54,0.1,0.1,tx,tx2023tgwm,2023-11-08T22:08:31.040Z,"16 km NE of Hermleigh, Texas",earthquake,0.8525087612,1.486177393,0.1,13,reviewed,tx,tx
2023-10-02T04:55:20.370Z,36.8023333,-121.5421667,7.12,2.7,md,79,23,0.02651,0.16,nc,nc73944421,2023-11-02T01:19:11.040Z,"5 km S of San Juan Bautista, CA",earthquake,0.16,0.26,0.105,130,reviewed,nc,nc
2023-10-02T12:16:11.900Z,38.8428333,-122.7675,1.05,2.69,md,89,36,0.006952,0.05,nc,nc73944536,2023-11-11T06:25:38.040Z,"4 km WNW of Cobb, CA",earthquake,0.1,0.12,0.16,120,reviewed,nc,nc
2023-10-02T16:14:25.170Z,47.0375,-123.96866666666666,36.59,2.58,ml,44,53,0.04405,0.31,uw,uw61963546,2023-10-11T16:21:33.040Z,"8 km NW of Hoquiam, Washington",earthquake,0.58,0.84,0.22352185883621134,29,reviewed,uw,uw
2023-10-02T17:03:08.350Z,34.9256667,-119.0215,11.58,2.97,ml,87,21,0.06777,0.24,ci,ci40575560,2023-11-02T21:16:45.040Z,"9 km WSW of Grapevine, CA",earthquake,0.19,0.47,0.139,171,reviewed,ci,ci
2023-10-03T06:06:21.042Z,32.749,-100.617,3.9861,3.5,ml(texnet),32,71,0.1,0.3,tx,tx2023tixl,2023-11-11T06:12:57.040Z,"18 km SW of Rotan, Texas",earthquake,0.8806643368,1.681531794,0.1,17,reviewed,tx,tx
2023-10-03T13:15:41.260Z,32.6672,-109.1103,5,3.3,ml,19,117,0.114,0.35,us,us6000lchs,2023-10-11T16:51:38.505Z,"3 km WSW of Franklin, Arizona",earthquake,3.53,1.978,0.051,50,reviewed,us,us
2023-10-03T16:33:49.130Z,37.4756667,-118.7001667,4.44,2.59,md,29,99,0.1026,0.07,nc,nc73945021,2023-11-08T21:46:32.040Z,"10 km S of Toms Place, CA",earthquake,0.38,1.24,0.229,38,reviewed,nc,nc
2023-10-04T01:48:33.380Z,36.411,-89.5406666666667,9.96,2.94,md,65,26,0.03507,0.11,nm,nm60554001,2023-11-09T00:27:29.040Z,"7 km WNW of Tiptonville, Tennessee",earthquake,0.13,0.28,0.0790170825673471,59,reviewed,nm,nm
2023-10-04T02:48:51.896Z,32.679,-100.691,6.9941,2.7,ml(texnet),13,83,0,0.1,tx,tx2023tkml,2023-11-02T04:31:07.040Z,"western Texas",earthquake,1.066806863,1.573580112,0.1,23,reviewed,tx,tx
2023-10-04T03:46:55.160Z,41.0165,-124.1326667,25.39,2.91,md,40,144,0.03972,0.14,nc,nc73945196,2023-11-09T00:47:05.040Z,"4 km SW of Westhaven-Moonstone, CA",earthquake,0.43,0.51,0.111,54,reviewed,nc,nc
2023-10-04T04:09:09.870Z,31.616,-103.977,6.3886,2.5,ml(texnet),20,63,0,0.1,tx,tx2023tkpb,2023-11-09T01:10:16.040Z,"37 km WSW of Mentone, Texas",earthquake,0.4944937423,0.6682101462,0.1,6,reviewed,tx,tx
2023-10-04T05:29:20.494Z,31.615,-103.981,8.5224,3.1,ml(texnet),66,41,0,0.2,tx,tx2023tkrs,2023-11-02T05:29:43.040Z,"37 km WSW of Mentone, Texas",earthquake,0.4797240687,0.5396509377,0.2,37,reviewed,tx,tx
2023-10-04T06:01:38.559Z,31.613,-103.978,7.0571,2.7,ml(texnet),15,56,0,0.1,tx,tx2023tksu,2023-11-02T05:52:34.040Z,"37 km WSW of Mentone, Texas",earthquake,0.5991066662,1.046916478,0.1,33,reviewed,tx,tx
2023-10-04T06:02:01.919Z,31.612,-103.98,6.8514,3,ml(texnet),15,57,0,0.1,tx,tx2023tksr,2023-11-02T06:59:23.040Z,"37 km NNW of Toyah, Texas",earthquake,0.5305099901,0.6522594922,0.1,6,reviewed,tx,tx
2023-10-04T07:13:31.290Z,37.8536667,-122.239,9.81,2.54,md,131,24,0.02268,0.1,nc,nc73945226,2023-10-30T12:37:56.040Z,"3 km NNW of Piedmont, CA",earthquake,0.09,0.15,0.131,116,reviewed,nc,nc
2023-10-04T16:26:38.936Z,31.637,-104.176,7.3656,3.1,ml(texnet),54,60,0.1,0.3,tx,tx2023tlnl,2023-11-10T05:52:24.040Z,"50 km NW of Toyah, Texas",earthquake,0.7786488668,0.8187272806,0.1,24,reviewed,tx,tx
2023-10-05T01:03:33.558Z,31.616,-104.491,8.5224,2.7,ml(texnet),46,69,0.1,0.2,tx,tx2023tmel,2023-11-02T01:51:32.040Z,"62 km S of Whites City, New Mexico",earthquake,1.050475608,1.219505494,0.1,37,reviewed,tx,tx
2023-10-05T03:09:58.000Z,35.041,-117.661,0.79,3.52,ml,63,40,0.1102,0.15,ci,ci40577368,2023-11-10T05:41:19.040Z,"5 km NNW of Boron, CA",earthquake,0.12,0.32,0.15,156,reviewed,ci,ci
2023-10-05T04:35:44.659Z,31.605,-103.944,7.3913,2.7,ml(texnet),15,49,0,0.1,tx,tx2023tmll,2023-11-01T22:59:48.040Z,"western Texas",earthquake,0.6258213599,0.7888165509,0.1,16,reviewed,tx,tx
2023-10-05T06:45:21.640Z,40.224,-121.1468333,4.1,2.58,md,44,50,0.0237,0.2,nc,nc73945666,2023-11-09T11:36:30.040Z,"2 km NNE of Prattville, CA",earthquake,0.37,0.46,0.141,54,reviewed,nc,nc
2023-10-05T07:26:44.180Z,41.1688333,-124.195,17.21,2.65,md,40,178,0.1197,0.17,nc,nc73945676,2023-11-09T11:46:54.040Z,"13 km NNW of Trinidad, CA",earthquake,0.6,0.31,0.119,27,reviewed,nc,nc
2023-10-05T12:39:46.280Z,46.245333333333335,-120.62883333333333,-0.43,2.7600000000000002,ml,27,103,0.07564,0.15,uw,uw61964221,2023-11-02T10:53:28.040Z,"17 km SSE of White Swan, Washington",earthquake,0.36,0.84,0.16619816314808644,17,reviewed,uw,uw
2023-10-05T14:14:44.166Z,31.634,-104.177,7.7769,3,mlv,44,63,0.1,0.2,tx,tx2023tneo,2023-10-27T14:34:39.040Z,"50 km NW of Toyah, Texas",earthquake,0.7642540299,0.904673394,0.2,32,reviewed,tx,tx
2023-10-06T07:48:50.150Z,40.5041667,-124.8393333,19.6,2.57,md,49,242,0.3838,0.19,nc,nc73946151,2023-11-09T12:09:54.040Z,"49 km W of Ferndale, CA",earthquake,1.31,1.12,0.386,39,reviewed,nc,nc
2023-10-06T15:27:26.970Z,40.1428333,-121.7341667,11.45,2.5,md,7,137,0.1603,0.07,nc,nc73946306,2023-11-09T21:55:26.040Z,"28 km SSW of Mineral, CA",earthquake,0.53,1.81,0.124,38,reviewed,nc,nc
2023-10-07T04:16:57.281Z,31.736,-104.536,4.332,2.5,ml(texnet),27,84,0,0.2,tx,tx2023tqbv,2023-11-01T23:42:54.040Z,"51 km SSW of Whites City, New Mexico",earthquake,0.8754596728,0.5390114441,0.2,21,reviewed,tx,tx
2023-10-07T16:20:08.105Z,30.855,-103.491,7.3913,2.7,ml(texnet),16,72,0.2,0.1,tx,tx2023tqzr,2023-11-09T22:14:32.040Z,"western Texas",earthquake,1.189728567,3.193684235,0.2,18,reviewed,tx,tx
2023-10-08T04:57:07.707Z,31.679,-104.422,6.4915,2.5,ml(texnet),32,62,0,0.2,tx,tx2023tryr,2023-11-08T23:59:36.040Z,"western Texas",earthquake,0.6975808978,0.6049999691,0.2,25,reviewed,tx,tx
2023-10-08T07:00:14.290Z,37.3973333,-121.7506667,5.37,2.66,md,125,29,0.06608,0.1,nc,nc73947011,2023-11-03T13:06:11.040Z,"8 km ENE of Alum Rock, CA",earthquake,0.08,0.29,0.156,150,reviewed,nc,nc
2023-10-08T11:49:24.620Z,36.1718333333333,-89.8948333333333,15.35,2.53,md,51,44,0.044,0.12,nm,nm60554646,2023-10-11T12:20:06.391Z,"10 km S of Bragg City, Missouri",earthquake,0.22,0.31,0.0742101402203663,41,reviewed,nm,nm
2023-10-08T12:00:39.335Z,31.656,-104.475,5.8231,3.1,ml(texnet),56,67,0,0.3,tx,tx2023tsmq,2023-10-23T15:35:24.041Z,"58 km S of Whites City, New Mexico",earthquake,1.002839781,0.663562094,0.1,25,reviewed,tx,tx
2023-10-08T15:39:11.820Z,38.8245,-122.8101667,2.44,2.89,md,98,22,0.001106,0.05,nc,nc73947211,2023-11-04T20:51:46.040Z,"7 km NW of The Geysers, CA",earthquake,0.09,0.13,0.163,147,reviewed,nc,nc
2023-10-08T21:30:23.900Z,38.8271667,-122.804,1.75,3.87,mw,108,20,0.006058,0.06,nc,nc73947486,2023-11-06T03:12:45.293Z,"7 km NW of The Geysers, CA",earthquake,0.07,0.11,,3,reviewed,nc,nc
2023-10-09T02:21:08.810Z,48.032833333333336,-122.7065,56.95,4.34,ml,143,26,0.05452,0.25,uw,uw61965081,2023-11-06T14:43:59.745Z,"Port Townsend, WA",earthquake,0.28,0.44,0.16146187599145634,140,reviewed,uw,uw
2023-10-09T03:02:41.120Z,32.682,-100.698,6.3827,3.1,ml(texnet),29,47,0,0.3,tx,tx2023ttqk,2023-10-09T15:24:16.669Z,"7 km NE of Hermleigh, Texas",earthquake,1.069561538,1.83227485,0.1,17,reviewed,tx,tx
2023-10-09T06:29:31.663Z,31.628,-103.99,7.3013,2.9,ml(texnet),33,49,0,0.1,tx,tx2023ttxf,2023-11-08T13:15:24.040Z,"38 km WSW of Mentone, Texas",earthquake,0.3769752486,0.5032247142,0.2,24,reviewed,tx,tx
2023-10-09T12:04:44.760Z,33.1176667,-115.6038333,10.69,2.58,ml,54,82,0.06046,0.24,ci,ci40579440,2023-10-23T06:00:24.040Z,"8 km W of Calipatria, CA",earthquake,0.23,0.46,0.188,27,reviewed,ci,ci
2023-10-09T13:25:55.545Z,28.926,-98.062,6.7251,3.5,ml(texnet),22,73,0.1,0.5,tx,tx2023tuky,2023-10-15T16:51:47.040Z,"7 km SW of Falls City, Texas",earthquake,1.962698389,3.036989574,0.2,20,reviewed,tx,tx
2023-10-09T13:48:48.340Z,38.7628333,-122.7255,2.15,2.8,md,97,26,0.001335,0.07,nc,nc73948151,2023-10-12T16:13:30.040Z,"3 km ESE of The Geysers, CA",earthquake,0.09,0.14,0.188,141,reviewed,nc,nc
2023-10-09T13:59:24.800Z,28.966,-97.62,3.9861,4,ml(texnet),30,92,0.1,0.3,tx,tx2023tumb,2023-11-01T12:41:29.810Z,"5 km NNW of Nordheim, Texas",earthquake,1.49659632,1.907328823,0.2,21,reviewed,tx,tx
2023-10-09T15:15:16.374Z,32.682,-100.696,6.774,2.9,ml(texnet),23,55,0,0.2,tx,tx2023tuoo,2023-10-15T21:49:28.040Z,"7 km NE of Hermleigh, Texas",earthquake,0.8194975003,1.468453297,0.1,19,reviewed,tx,tx
2023-10-09T15:57:15.400Z,34.0883333,-118.2615,11.47,2.59,ml,93,31,0.03872,0.18,ci,ci40579712,2023-10-13T10:22:16.262Z,"0 km SE of Silver Lake, CA",earthquake,0.13,0.22,0.149,26,reviewed,ci,ci
2023-10-09T18:35:11.639Z,32.832,-100.94,6.1381,2.9,ml(texnet),19,63,0,0.2,tx,tx2023tuve,2023-11-01T16:36:10.040Z,"12 km N of Snyder, Texas",earthquake,0.7536083901,1.629053716,0.1,7,reviewed,tx,tx
2023-10-10T01:24:03.879Z,32.407,-102.036,8.8282,2.7,ml(texnet),27,58,0.1,0.1,tx,tx2023tviq,2023-10-11T04:40:37.040Z,"32 km WSW of Ackerly, Texas",earthquake,0.9579435658,1.998260483,0.1,7,reviewed,tx,tx
2023-10-10T01:53:36.220Z,31.4903333,-115.642,8.43,3.04,ml,12,70,0.1564,0.19,ci,ci40580320,2023-10-10T14:07:27.782Z,"91 km ESE of Maneadero, B.C., MX",earthquake,0.3,1.25,0.133,56,reviewed,ci,ci
2023-10-10T02:00:52.602Z,32.3584,-104.4798,10,2.6,ml,27,90,0.517,0.48,us,us6000leex,2023-10-11T04:44:24.040Z,"22 km NNW of Whites City, New Mexico",earthquake,3.17,2.011,0.081,60,reviewed,us,us
2023-10-10T02:10:50.977Z,31.646,-103.996,6.4658,3,ml(texnet),15,70,0,0.1,tx,tx2023tvke,2023-10-13T19:29:24.167Z,"38 km W of Mentone, Texas",earthquake,2.327876325,1.877362514,0.1,6,reviewed,tx,tx
2023-10-10T03:36:03.170Z,31.4901667,-115.6428333,8.27,2.63,ml,13,70,0.1557,0.22,ci,ci40580344,2023-10-10T17:14:11.952Z,"91 km ESE of Maneadero, B.C., MX",earthquake,0.33,1.34,0.099,31,reviewed,ci,ci
2023-10-10T10:21:15.555Z,28.929,-98.055,4.6464,2.8,ml(texnet),20,44,0.1,0.2,tx,tx2023twaj,2023-11-08T13:26:59.040Z,"6 km SSW of Falls City, Texas",earthquake,1.041465609,2.298420014,0.1,6,reviewed,tx,tx
2023-10-10T11:09:19.110Z,44.6703333,-110.0013333,13.18,3.34,ml,25,115,0.08357,0.25,uu,uu60033849,2023-11-08T13:52:08.040Z,"37 km S of Silver Gate, Montana",earthquake,0.57,0.92,0.232,11,reviewed,uu,uu
2023-10-10T11:52:40.930Z,38.6873333,-122.5065,6.27,2.79,md,118,28,0.06621,0.16,nc,nc73948511,2023-11-08T13:09:39.040Z,"12 km SE of Middletown, CA",earthquake,0.13,0.4,0.158,164,reviewed,nc,nc
2023-10-10T12:09:11.371Z,32.3685,-104.4707,9.424,2.7,ml,32,90,0.512,0.35,us,us6000leh6,2023-10-10T13:31:40.040Z,"23 km NNW of Whites City, New Mexico",earthquake,1.91,8.389,0.059,72,reviewed,us,us
2023-10-10T13:50:01.970Z,33.7906667,-115.5751667,5.35,2.63,ml,34,51,0.09862,0.19,ci,ci40580496,2023-10-15T04:46:24.762Z,"18 km WNW of Desert Center, CA",earthquake,0.23,0.79,0.153,25,reviewed,ci,ci
2023-10-10T17:17:29.050Z,28.9288,-98.0836,3.745,2.8,mb_lg,16,66,0.252,0.56,us,us6000lekm,2023-11-07T16:22:24.040Z,"8 km SW of Falls City, Texas",earthquake,1.56,4.004,0.071,53,reviewed,us,us
2023-10-11T03:13:33.498Z,38.1663,-117.8949,11.9,2.6,ml,11,86.86,0.078,0.1533,nn,nn00867125,2023-10-13T04:07:39.040Z,"31 km SE of Mina, Nevada",earthquake,,1,0.43,7,reviewed,nn,nn
2023-10-11T04:33:10.828Z,44.2911,-114.8366,5,2.5,ml,23,43,0.185,0.73,us,us6000lepp,2023-10-16T00:09:18.040Z,"11 km NE of Stanley, Idaho",earthquake,1.04,1.809,0.051,50,reviewed,us,us
2023-10-11T05:47:48.714Z,31.679,-104.43,6.183,2.5,ml(texnet),15,52,0,0.2,tx,tx2023txmw,2023-11-09T11:52:40.040Z,"western Texas",earthquake,1.076222032,0.8785943362,0.1,7,reviewed,tx,tx
2023-10-11T12:10:34.530Z,35.6626666666667,-89.6853333333333,12.01,2.86,md,70,71,0.2266,0.16,nm,nm60555026,2023-10-25T09:13:25.040Z,"10 km W of Henning, Tennessee",earthquake,0.26,0.65,0.0623870403658886,59,reviewed,nm,nm
2023-10-11T14:48:55.005Z,38.1815,-117.7594,10.3,2.7,ml,13,67.57,0.112,0.1449,nn,nn00867144,2023-10-13T16:22:42.040Z,"38 km SE of Mina, Nevada",earthquake,,1.2,0.37,9,reviewed,nn,nn
2023-10-11T15:35:45.660Z,34.072,-118.1051667,10.18,2.71,ml,111,24,0.02539,0.18,ci,ci40581104,2023-11-09T09:24:20.872Z,"2 km ENE of Monterey Park, CA",earthquake,0.13,0.22,0.172,22,reviewed,ci,ci
2023-10-12T01:34:02.260Z,38.6881667,-122.5043333,6.63,2.7,md,95,44,0.06647,0.14,nc,nc73946265,2023-11-08T04:14:02.040Z,"12 km SE of Middletown, CA",earthquake,0.13,0.35,0.172,110,reviewed,nc,nc
2023-10-12T05:33:02.136Z,31.548,-104.145,6.0802,2.5,ml(texnet),18,69,0,0.2,tx,tx2023tzhx,2023-10-12T12:48:47.682Z,"42 km NW of Toyah, Texas",earthquake,1.033941702,1.017967076,0.1,7,reviewed,tx,tx
2023-10-12T08:38:53.600Z,33.9085,-118.2701667,21.96,2.52,ml,115,50,0.04148,0.21,ci,ci40581528,2023-10-18T20:45:16.515Z,"2 km SW of Willowbrook, CA",earthquake,0.16,0.31,0.144,24,reviewed,ci,ci
2023-10-12T19:30:22.805Z,44.2335,-115.0853,5.57,2.9,ml,22,47,0.214,0.72,us,us6000lf70,2023-11-09T15:26:01.040Z,"11 km W of Stanley, Idaho",earthquake,1.26,3.395,0.037,96,reviewed,us,us
2023-10-12T21:41:21.440Z,36.4658333,-120.8808333,17.23,3,ml,87,83,0.05467,0.2,nc,nc73946520,2023-10-27T03:39:57.040Z,"19 km WNW of New Idria, CA",earthquake,0.25,0.29,0.155,25,reviewed,nc,nc
2023-10-12T21:46:36.030Z,36.4713333,-120.8781667,18.14,2.54,md,75,84,0.04878,0.16,nc,nc73946525,2023-10-24T04:09:13.040Z,"19 km WNW of New Idria, CA",earthquake,0.31,0.25,0.138,81,reviewed,nc,nc
2023-10-13T03:27:50.614Z,32.325,-101.088,11.9584,2.8,ml(texnet),43,44,0.2,0.2,tx,tx2023uazh,2023-11-09T00:04:57.040Z,"7 km WSW of Westbrook, Texas",earthquake,0.6841538728,0.9063488563,0.2,32,reviewed,tx,tx
2023-10-13T08:04:26.070Z,44.3285,-110.8486667,5.75,2.98,ml,23,90,0.06566,0.21,uu,uu60552132,2023-10-25T09:48:27.040Z,"42 km SSE of West Yellowstone, Montana",earthquake,0.47,1.44,0.269,5,reviewed,uu,uu
2023-10-13T11:23:04.862Z,31.677,-104.19,6.093,3.1,ml(texnet),27,67,0.1,0.1,tx,tx2023ubox,2023-10-28T09:33:47.040Z,"55 km NW of Toyah, Texas",earthquake,0.5318783922,0.6756896047,0.3,18,reviewed,tx,tx
2023-10-13T17:19:22.620Z,42.9571666666667,-111.4805,1.65,2.87,ml,31,122,0.04728,0.23,mb,mb90030063,2023-10-16T22:09:53.380Z,"35 km NNE of Soda Springs, Idaho",earthquake,0.45,0.81,0.244599084713602,41,reviewed,mb,mb
2023-10-13T22:41:42.635Z,42.9403,-111.5198,0.327,3.6,ml,53,68,0.072,0.53,us,us6000lffv,2023-10-30T01:29:07.769Z,"32 km NNE of Soda Springs, Idaho",earthquake,1.55,2.135,0.031,134,reviewed,us,us
2023-10-14T03:40:12.880Z,42.9608333333333,-111.475666666667,1.59,2.77,ml,15,124,0.04579,0.14,mb,mb90030098,2023-10-16T22:21:42.570Z,"35 km W of Freedom, Idaho",earthquake,0.58,0.83,0.238937786950712,41,reviewed,mb,mb
2023-10-14T05:56:30.763Z,42.9529,-111.5106,6.487,2.7,ml,44,67,0.067,0.48,us,us6000lfhi,2023-10-25T11:24:21.040Z,"southern Idaho",earthquake,1.28,6.365,0.041,78,reviewed,us,us
2023-10-14T15:30:26.646Z,28.971,-97.978,0.0978,2.5,ml(texnet),14,64,0,0.1,tx,tx2023udso,2023-10-16T14:16:39.893Z,"4 km ESE of Falls City, Texas",earthquake,0.772000841,2.062462671,0.1,12,reviewed,tx,tx
2023-10-14T17:15:20.039Z,35.63616667,-96.90966667,16.06,2.91,ml,99,56,0,0.12,ok,ok2023udwa,2023-11-08T22:56:08.040Z,"7 km SSW of Chandler, Oklahoma",earthquake,,0.4,0.21,43,reviewed,ok,ok
2023-10-15T10:00:54.115Z,37.9678,-117.9161,0,2.7,ml,10,63.86,0.197,0.1331,nn,nn00867338,2023-10-28T07:11:09.040Z,"34 km NW of Silver Peak, Nevada",earthquake,,0,0.13,7,reviewed,nn,nn
2023-10-15T17:13:38.935Z,39.0101,-117.047,3,3,ml,9,54.33,0.552,0.1464,nn,nn00867345,2023-10-17T17:30:57.040Z,"22 km S of Kingston, Nevada",earthquake,,2.7,0.52,6,reviewed,nn,nn
2023-10-15T17:23:57.056Z,39.0036,-117.0526,3.1,3.5,ml,8,97.4,0.546,0.158,nn,nn00867351,2023-10-17T17:32:32.040Z,"22 km S of Kingston, Nevada",earthquake,,1.8,0.49,5,reviewed,nn,nn
2023-10-15T19:50:16.440Z,34.5636667,-119.1363333,7,3.71,ml,100,21,0.1253,0.31,ci,ci40582816,2023-11-03T21:59:30.927Z,"16 km NE of Ojai, CA",earthquake,0.19,0.77,0.151,253,reviewed,ci,ci
2023-10-15T19:52:11.602Z,39.6305,-119.6182,8.7,2.7,ml,27,92.43,0.151,0.1493,nn,nn00867360,2023-10-17T17:35:37.040Z,"7 km ESE of Spanish Springs, Nevada",earthquake,,1.8,0.27,8,reviewed,nn,nn
2023-10-15T19:52:14.890Z,34.5685,-119.1346667,1.62,3.29,ml,94,21,0.1286,0.33,ci,ci40582824,2023-11-11T16:34:55.040Z,"17 km NE of Ojai, CA",earthquake,0.19,0.57,0.124,199,reviewed,ci,ci
2023-10-15T21:09:31.460Z,34.5628333,-119.1348333,4.11,2.61,ml,81,30,0.1256,0.28,ci,ci40582864,2023-11-07T05:08:23.040Z,"16 km NE of Ojai, CA",earthquake,0.18,0.79,0.151,92,reviewed,ci,ci
2023-10-15T23:53:04.956Z,39.6193,-119.6407,8.6,2.9,ml,36,88.49,0.13,0.1573,nn,nn00867368,2023-11-09T02:50:05.040Z,"6 km ESE of Spanish Springs, Nevada",earthquake,,0.9,0.28,11,reviewed,nn,nn
2023-10-16T01:34:10.039Z,42.6021,-111.455,5,2.7,ml,31,91,0.308,0.18,us,us6000lftl,2023-10-16T22:24:14.040Z,"13 km ESE of Soda Springs, Idaho",earthquake,1.3,1.836,0.031,134,reviewed,us,us
2023-10-16T02:29:42.290Z,31.6876667,-115.7015,6.06,2.52,ml,21,71,0.3036,0.29,ci,ci40582920,2023-10-16T20:33:15.682Z,"78 km SW of Alberto Oviedo Mota, B.C., MX",earthquake,0.36,1.46,0.17,38,reviewed,ci,ci
2023-10-16T06:51:08.189Z,36.37883333,-97.6475,7.92,2.51,ml,71,35,0,0.19,ok,ok2023ugsl,2023-10-16T13:49:11.739Z,"5 km ENE of Fairmont, Oklahoma",earthquake,,0.6,0.2,31,reviewed,ok,ok
2023-10-16T10:20:49.740Z,40.3156667,-124.0548333,31.06,4.83,mw,45,52,0.0472,0.12,nc,nc73947830,2023-10-25T14:10:43.162Z,"20 km E of Petrolia, CA",earthquake,0.27,0.59,,4,reviewed,nc,nc
2023-10-16T10:31:25.060Z,40.756,-124.5208333,23.63,4.03,mw,75,204,0.2389,0.17,nc,nc73947835,2023-10-24T21:49:51.766Z,"28 km W of Humboldt Hill, CA",earthquake,0.44,0.74,,4,reviewed,nc,nc
2023-10-16T13:04:06.960Z,40.3216667,-124.061,31.59,2.98,ml,48,47,0.04063,0.15,nc,nc73947920,2023-10-18T14:59:09.040Z,"19 km E of Petrolia, CA",earthquake,0.26,0.54,0.2,21,reviewed,nc,nc
2023-10-16T13:15:36.248Z,37.3024,-104.5054,5,2.8,mb_lg,12,74,0.285,0.5,us,us6000lfx4,2023-10-17T17:51:47.355Z,"9 km NNW of El Moro, Colorado",earthquake,2.17,1.722,0.092,51,reviewed,us,us
2023-10-16T14:15:42.130Z,40.755,-124.3113333,26.33,2.93,md,36,196,0.08128,0.09,nc,nc73947930,2023-10-18T14:53:50.040Z,"11 km WNW of Humboldt Hill, CA",earthquake,0.45,0.43,0.107,72,reviewed,nc,nc
2023-10-16T17:49:26.546Z,32.686,-100.691,5.7224,2.6,ml(texnet),18,82,0,0.2,tx,tx2023uhof,2023-11-09T17:10:57.040Z,"western Texas",earthquake,0.7766673926,1.16803424,0.2,17,reviewed,tx,tx
2023-10-16T18:48:04.060Z,33.4285,-118.0186667,0.97,2.56,ml,63,132,0.2049,0.27,ci,ci40583128,2023-11-09T17:05:45.040Z,"23 km SSW of Newport Beach, CA",earthquake,0.31,0.62,0.214,24,reviewed,ci,ci
2023-10-17T08:29:48.590Z,33.0058333,-117.9086667,0.75,2.98,ml,47,132,0.4699,0.29,ci,ci40583304,2023-10-22T10:20:31.796Z,"46 km ENE of San Clemente Is. (SE tip), CA",earthquake,0.4,1.1,0.141,101,reviewed,ci,ci
2023-10-17T14:46:34.150Z,40.3195,-124.0618333,31.45,2.8,md,45,54,0.04078,0.18,nc,nc73948255,2023-10-19T14:58:22.040Z,"19 km E of Petrolia, CA",earthquake,0.29,0.55,0.188,64,reviewed,nc,nc
2023-10-17T15:54:06.899Z,28.924,-98.054,2.3721,2.5,ml(texnet),13,71,0.1,0.2,tx,tx2023ujfw,2023-10-23T20:17:40.507Z,"7 km SSW of Falls City, Texas",earthquake,0.8669010309,1.712596298,0.2,18,reviewed,tx,tx
2023-10-17T19:29:22.468Z,31.675,-104.408,6.7984,2.6,ml(texnet),31,87,0,0.1,tx,tx2023ujmz,2023-10-18T14:40:34.040Z,"55 km S of Whites City, New Mexico",earthquake,0.5016323111,0.5603284543,0.2,21,reviewed,tx,tx
2023-10-17T20:16:41.184Z,31.676,-104.37,6.1187,3.5,ml(texnet),32,57,0,0.2,tx,tx2023ujon,2023-10-18T00:34:27.593Z,"55 km S of Whites City, New Mexico",earthquake,0.5605538314,0.5884364837,0.1,23,reviewed,tx,tx
2023-10-17T23:14:47.490Z,32.138,-115.1351667,19.64,2.73,ml,21,88,0.1266,0.25,ci,ci40583624,2023-11-10T02:51:14.040Z,"10 km SSE of Alberto Oviedo Mota, B.C., MX",earthquake,0.47,0.65,0.221,21,reviewed,ci,ci
2023-10-18T05:41:02.785Z,31.69,-104.444,5.6174,3.9,ml(texnet),37,44,0,0.2,tx,tx2023ukhe,2023-10-19T04:40:59.040Z,"western Texas",earthquake,0.8117200766,0.5488639299,0.1,19,reviewed,tx,tx
2023-10-18T06:57:16.290Z,36.4898333333333,-89.5528333333333,9.16,2.56,md,55,25,0.04984,0.12,nm,nm60555826,2023-10-21T06:01:16.200Z,"southeastern Missouri",earthquake,0.16,0.31,0.147112825047436,43,reviewed,nm,nm
2023-10-18T09:22:17.012Z,31.671,-104.371,6.183,3.9,ml(texnet),25,57,0,0.2,tx,tx2023ukol,2023-10-25T12:41:14.040Z,"55 km S of Whites City, New Mexico",earthquake,0.8150984855,0.8575098542,0.1,13,reviewed,tx,tx
2023-10-18T09:29:56.396Z,31.669,-104.368,6.0802,3.4,ml(texnet),29,57,0.1,0.2,tx,tx2023ukot,2023-10-25T12:54:41.040Z,"56 km S of Whites City, New Mexico",earthquake,0.8255482103,0.8056381798,0.1,15,reviewed,tx,tx
2023-10-18T09:31:36.359Z,31.672,-104.364,4.2035,2.6,ml(texnet),23,57,0.1,0.2,tx,tx2023ukov,2023-10-25T12:56:07.040Z,"55 km S of Whites City, New Mexico",earthquake,0.9092567981,1.278211753,0.2,13,reviewed,tx,tx
2023-10-18T10:05:23.160Z,31.673,-104.371,5.2061,3,ml(texnet),19,68,0,0.2,tx,tx2023ukqa,2023-10-25T12:57:15.040Z,"55 km S of Whites City, New Mexico",earthquake,0.8809051866,1.323224319,0.1,7,reviewed,tx,tx
2023-10-18T10:19:00.270Z,40.4981667,-124.4586667,24.94,2.58,md,36,224,0.09514,0.1,nc,nc73948600,2023-10-26T05:44:03.040Z,"19 km WSW of Ferndale, CA",earthquake,0.41,0.35,0.235,56,reviewed,nc,nc
2023-10-18T16:29:14.990Z,38.127,-121.6428333,8.46,4.24,mw,157,20,0.04364,0.41,nc,nc73948665,2023-11-10T01:43:57.777Z,"5 km SW of Isleton, CA",earthquake,0.26,1.05,,4,reviewed,nc,nc
2023-10-18T18:26:54.225Z,39.6241,-119.6313,11.6,3.6,ml,38,73.4,0.139,0.1618,nn,nn00867575,2023-11-09T16:38:15.051Z,"Nevada",earthquake,,0.8,0.33,10,reviewed,nn,nn
2023-10-19T00:09:57.825Z,31.627,-104.507,7.5198,3.5,ml(texnet),39,73,0,0.2,tx,tx2023ulrs,2023-10-19T15:26:08.503Z,"62 km SSW of Whites City, New Mexico",earthquake,1.641068932,0.6793014203,0.1,25,reviewed,tx,tx
2023-10-19T02:04:05.280Z,38.1195,-121.6381667,7.78,2.78,md,73,89,0.04197,0.38,nc,nc73948795,2023-11-09T05:57:30.040Z,"5 km SSW of Isleton, CA",earthquake,0.35,0.78,0.184,110,reviewed,nc,nc
2023-10-19T07:43:04.369Z,39.621,-119.6343,10.5,3.6,mw,38,72.6,0.135,0.1509,nn,nn00867596,2023-11-11T07:42:52.699Z,"Nevada",earthquake,,0.9,,,reviewed,nn,nn
2023-10-19T08:53:46.036Z,43.6437,-97.0323,8.707,2.7,ml,11,56,0.316,0.46,us,us6000lgjc,2023-11-10T13:37:44.375Z,"South Dakota",earthquake,3.19,7.76,0.148,6,reviewed,us,us
2023-10-19T16:51:49.130Z,37.072,-121.1306667,-0.1,2.6,md,65,43,0.0558,0.14,nc,nc73949020,2023-10-24T13:42:35.040Z,"24 km SSW of Gustine, CA",earthquake,0.17,0.24,0.163,105,reviewed,nc,nc
2023-10-20T13:47:54.920Z,47.61233333333333,-121.73066666666666,14.39,2.66,ml,66,57,0.08549,0.17,uw,uw61958152,2023-10-27T07:13:02.040Z,"Washington",earthquake,0.22,0.41,0.2049804805807074,114,reviewed,uw,uw
2023-10-20T15:59:25.565Z,39.6274,-119.638,10.1,3.1,ml,30,73.28,0.135,0.1408,nn,nn00867659,2023-11-12T08:26:43.152Z,"6 km ESE of Spanish Springs, Nevada",earthquake,,1,0.29,9,reviewed,nn,nn
2023-10-20T20:50:14.220Z,40.3695,-124.9358333,12.45,2.97,md,81,232,0.4607,0.3,nc,nc73949465,2023-10-23T08:07:11.452Z,"55 km W of Petrolia, CA",earthquake,1.19,1.35,0.15,68,reviewed,nc,nc
2023-10-20T21:11:58.200Z,37.3886667,-121.7391667,6.74,2.64,md,122,33,0.07852,0.09,nc,nc73949470,2023-10-24T19:22:11.562Z,"8 km ENE of Alum Rock, CA",earthquake,0.07,0.25,0.145,125,reviewed,nc,nc
2023-10-20T23:07:30.792Z,28.933,-98.048,2.959,3.5,ml(texnet),16,72,0.1,0.1,tx,tx2023upgr,2023-10-27T04:31:47.040Z,"southern Texas",earthquake,0.9305270593,2.198847907,0.1,7,reviewed,tx,tx
2023-10-21T02:59:33.580Z,36.1868333333333,-89.4516666666667,11.26,3.26,md,77,34,0.04368,0.16,nm,nm60556241,2023-10-26T14:23:33.505Z,"9 km SSE of Ridgely, Tennessee",earthquake,0.18,0.31,0.159978137201974,44,reviewed,nm,nm
2023-10-21T05:16:59.770Z,38.4893333,-112.8456667,-0.26,2.56,ml,33,49,0.007382,0.17,uu,uu60552607,2023-10-29T12:43:39.040Z,"",earthquake,0.24,0.13,0.156,9,reviewed,uu,uu
2023-10-21T10:23:08.459Z,31.692,-104.499,5.7717,2.8,ml(texnet),34,66,0,0.2,tx,tx2023uqcy,2023-10-24T14:11:57.979Z,"54 km SSW of Whites City, New Mexico",earthquake,1.082448524,0.7166500046,0.2,23,reviewed,tx,tx
2023-10-21T12:53:58.890Z,36.7466667,-121.3835,11.41,2.61,md,74,54,0.04914,0.14,nc,nc73949690,2023-11-11T11:56:40.040Z,"7 km SW of Tres Pinos, CA",earthquake,0.15,0.26,0.117,88,reviewed,nc,nc
2023-10-21T19:50:21.180Z,43.2141666666667,-110.471166666667,3.88,2.5,ml,22,117,0.3208,0.2,mb,mb90030538,2023-10-22T14:05:52.110Z,"5 km WNW of Bondurant, Wyoming",earthquake,0.54,2.25,0.25051590835469,24,reviewed,mb,mb
2023-10-21T19:51:33.114Z,31.721,-103.996,6.7357,3,ml(texnet),31,34,0,0.1,tx,tx2023uqvs,2023-10-27T04:22:58.040Z,"western Texas",earthquake,0.3007453033,0.3606685801,0.1,26,reviewed,tx,tx
2023-10-22T23:25:12.112Z,31.716,-104.004,5.6303,2.8,ml(texnet),20,49,0,0.1,tx,tx2023usyg,2023-10-23T11:01:18.487Z,"",earthquake,0.4165166658,0.5650526038,0.1,6,reviewed,tx,tx
2023-10-23T02:41:45.820Z,47.4075,-122.69716666666666,29.4,3.0500000000000003,ml,122,24,0.04511,0.26,uw,uw61958757,2023-11-03T03:14:23.183Z,"Puget Sound region, Washington",earthquake,0.22,0.5,0.15137558536385076,88,reviewed,uw,uw
2023-10-23T04:22:13.872Z,36.2202,-106.7653,12.589,2.9,ml,20,83,1.296,0.78,us,us6000lhex,2023-10-23T05:21:09.040Z,"3 km ESE of Capulin, New Mexico",earthquake,3.86,7.379,0.04,82,reviewed,us,us
2023-10-23T04:27:38.116Z,32.837,-100.587,6.8718,2.6,ml(texnet),20,71,0,0.2,tx,tx2023utig,2023-10-23T12:43:26.853Z,"11 km W of Rotan, Texas",earthquake,1.066283924,2.573777448,0,6,reviewed,tx,tx
2023-10-23T05:56:30.510Z,36.0468333,-117.8603333,1.97,2.53,ml,31,65,0.046,0.15,ci,ci40585144,2023-10-24T07:44:48.040Z,"8 km E of Coso Junction, CA",earthquake,0.15,0.22,0.182,15,reviewed,ci,ci
2023-10-23T14:42:15.350Z,38.1316667,-121.6575,0.02,2.88,ml,70,130,0.04001,0.44,nc,nc73950380,2023-11-03T01:01:05.675Z,"4 km SE of Rio Vista, CA",earthquake,0.46,0.97,0.2,82,reviewed,nc,nc
2023-10-23T16:24:04.370Z,40.4281667,-124.6311667,24,2.53,md,47,234,0.2291,0.18,nc,nc73950395,2023-10-26T17:14:18.040Z,"32 km WNW of Petrolia, CA",earthquake,0.74,0.83,0.258,52,reviewed,nc,nc
2023-10-24T09:23:23.110Z,32.7505,-115.4185,15.57,2.53,ml,42,37,0.05964,0.27,ci,ci40585944,2023-10-25T06:46:37.040Z,"8 km SSW of Holtville, CA",earthquake,0.32,0.48,0.137,23,reviewed,ci,ci
2023-10-24T09:31:49.480Z,37.5635,-112.5375,4.32,2.56,ml,20,96,0.2597,0.3,uu,uu60552827,2023-10-25T06:24:27.040Z,"13 km SW of Hatch, Utah",earthquake,0.62,1.55,0.148,14,reviewed,uu,uu
2023-10-24T18:09:53.890Z,37.8756667,-122.2541667,8.82,2.51,md,110,31,0.001485,0.07,nc,nc73950825,2023-10-28T02:24:51.958Z,"2 km ENE of Berkeley, CA",earthquake,0.09,0.14,0.126,101,reviewed,nc,nc
2023-10-24T19:51:04.640Z,32.7491667,-115.4133333,15.26,2.67,ml,37,69,0.06269,0.27,ci,ci40586488,2023-10-26T15:26:20.040Z,"8 km SSW of Holtville, CA",earthquake,0.32,0.52,0.121,25,reviewed,ci,ci
2023-10-25T08:28:56.270Z,37.4945,-118.8046667,6.53,2.71,md,31,84,0.08554,0.04,nc,nc73951105,2023-10-27T11:12:10.040Z,"13 km SW of Toms Place, CA",earthquake,0.37,0.79,0.121,60,reviewed,nc,nc
2023-10-26T01:51:13.860Z,34.2215,-117.3733333,7.71,2.51,ml,105,28,0.01642,0.17,ci,ci40587776,2023-10-28T14:45:36.730Z,"3 km E of Devore, CA",earthquake,0.1,0.28,0.14,113,reviewed,ci,ci
2023-10-26T03:36:17.100Z,39.1623333333333,-88.9675,17.47,2.58,md,19,74,0.2615,0.2,nm,nm60501233,2023-10-30T10:37:07.067Z,"6 km SSE of Herrick, Illinois",earthquake,0.31,0.44,0.0895141231171284,9,reviewed,nm,nm
2023-10-26T09:05:43.060Z,33.083,-115.7165,8.85,2.77,ml,56,43,0.09523,0.24,ci,ci40587976,2023-10-29T03:13:30.630Z,"10 km WNW of Westmorland, CA",earthquake,0.18,0.65,0.189,26,reviewed,ci,ci
2023-10-26T10:31:31.440Z,44.3413333333333,-115.181666666667,9.03,2.79,ml,24,64,0.3366,0.28,mb,mb90030878,2023-10-26T14:33:29.570Z,"southern Idaho",earthquake,0.5,0.99,0.178931315327242,41,reviewed,mb,mb
2023-10-26T14:39:02.088Z,43.0686,-110.7752,5,2.8,ml,37,80,0.386,0.45,us,us7000l6jc,2023-10-26T18:08:54.040Z,"18 km NE of Star Valley Ranch, Wyoming",earthquake,1.74,0.916,0.042,76,reviewed,us,us
2023-10-26T16:37:43.155Z,41.9509,-119.627,1.3,3.8,ml,9,118.95,0.505,0.1288,nn,nn00867904,2023-10-28T02:25:21.194Z,"44 km ENE of Fort Bidwell, California",earthquake,,2.2,0.13,7,reviewed,nn,nn
2023-10-26T16:39:56.570Z,36.0178333,-117.771,1.78,3.47,ml,45,37,0.04675,0.2,ci,ci40588312,2023-11-01T14:30:51.286Z,"15 km NE of Little Lake, CA",earthquake,0.18,0.26,0.152,85,reviewed,ci,ci
2023-10-26T23:32:15.269Z,31.679,-104.371,6.0802,2.9,ml(texnet),34,57,0.1,0.2,tx,tx2023vagn,2023-10-27T10:25:29.066Z,"55 km S of Whites City, New Mexico",earthquake,0.6757729392,0.6614416314,0.2,26,reviewed,tx,tx
2023-10-27T06:10:55.061Z,31.61,-103.973,8.3296,3.3,ml(texnet),15,56,0,0.1,tx,tx2023vatq,2023-11-01T12:07:09.040Z,"36 km NNW of Toyah, Texas",earthquake,0.4320632032,0.5943018683,0.2,13,reviewed,tx,tx
2023-10-27T15:07:47.660Z,49.211666666666666,-116.85483333333333,15.56,2.62,md,6,238,0.9404,0.3,uw,uw61959667,2023-10-27T21:25:51.380Z,"28 km WNW of Creston, Canada",earthquake,1.42,4.27,0.39215314357888076,6,reviewed,uw,uw
2023-10-27T19:45:38.110Z,34.6871667,-116.2838333,2.26,2.57,ml,29,50,0.1092,0.14,ci,ci40589672,2023-10-28T15:06:14.040Z,"12 km WSW of Ludlow, CA",earthquake,0.14,0.4,0.158,25,reviewed,ci,ci
2023-10-27T20:33:36.540Z,38.8003333,-122.8283333,2.34,2.91,md,99,18,0.008548,0.06,nc,nc73952320,2023-10-28T21:25:10.513Z,"7 km WNW of The Geysers, CA",earthquake,0.08,0.13,0.216,134,reviewed,nc,nc
2023-10-28T01:29:59.450Z,47.534166666666664,-122.69583333333334,21.6,3.0100000000000002,ml,119,19,0.0431,0.36,uw,uw61959867,2023-11-01T04:50:27.374Z,"1 km NE of Gorst, Washington",earthquake,0.31,0.58,0.21349974618598533,97,reviewed,uw,uw
2023-10-28T01:38:31.780Z,37.6178333,-122.377,11.61,3.67,mw,165,29,,0.11,nc,nc73952475,2023-11-09T19:59:05.419Z,"2 km NNE of Millbrae, CA",earthquake,0.09,0.18,,4,reviewed,nc,nc
2023-10-28T03:21:13.400Z,37.3436667,-121.701,8.2,2.82,md,117,54,,0.08,nc,nc73952515,2023-10-28T22:47:03.949Z,"11 km ESE of Alum Rock, CA",earthquake,0.09,0.24,0.134,177,reviewed,nc,nc
2023-10-28T05:29:31.610Z,31.8923333,-116.0923333,11.98,2.9,ml,27,62,0.1662,0.23,ci,ci40590016,2023-11-04T08:56:50.040Z,"49 km ENE of Maneadero, B.C., MX",earthquake,0.3,1.1,0.135,104,reviewed,ci,ci
2023-10-28T05:40:18.740Z,38.5571667,-119.5103333,4.46,4.24,mw,23,112,0.02968,0.05,nc,nc73952605,2023-11-09T07:33:34.042Z,"5 km NNW of Walker, CA",earthquake,0.2,0.36,,6,reviewed,nc,nc
2023-10-28T05:48:58.600Z,38.5596667,-119.5051667,5.2,2.91,md,21,114,0.02864,0.05,nc,nc73952615,2023-11-09T07:31:06.040Z,"6 km NNW of Walker, CA",earthquake,0.2,0.3,0.183,57,reviewed,nc,nc
2023-10-28T05:49:49.120Z,38.5536667,-119.5061667,4.9,3.29,ml,21,113,0.03396,0.06,nc,nc73952610,2023-11-09T07:33:28.040Z,"5 km NNW of Walker, CA",earthquake,0.24,0.34,0.232,40,reviewed,nc,nc
2023-10-28T06:25:38.180Z,39.5353,-118.4203,9.3,2.7,ml,10,101.47,0.324,0.1462,nn,nn00868046,2023-11-09T07:40:00.040Z,"28 km ENE of Fallon Station, Nevada",earthquake,,2.5,0.38,5,reviewed,nn,nn
2023-10-28T07:02:01.890Z,38.5521667,-119.5068333,4.94,2.73,md,18,112,0.03523,0.05,nc,nc73952660,2023-11-09T07:50:02.040Z,"5 km NNW of Walker, CA",earthquake,0.24,0.34,0.225,44,reviewed,nc,nc
2023-10-28T08:54:36.838Z,44.8444,-116.0713,9.975,2.9,ml,39,36,0.248,0.55,us,us7000l75b,2023-11-09T08:18:22.826Z,"7 km SSE of McCall, Idaho",earthquake,2.76,7.59,0.04,84,reviewed,us,us
2023-10-28T10:11:35.366Z,32.747,-100.651,7.4587,2.7,ml(texnet),22,64,0.1,0.2,tx,tx2023vcxg,2023-10-30T13:12:06.886Z,"16 km NE of Hermleigh, Texas",earthquake,0.7284394405,1.668258125,0,7,reviewed,tx,tx
2023-10-28T11:31:34.635Z,31.576,-104.542,6.4658,2.5,ml(texnet),19,85,0.1,0.1,tx,tx2023vczt,2023-10-30T12:52:47.882Z,"65 km NNE of Van Horn, Texas",earthquake,1.502468921,2.413723212,0,7,reviewed,tx,tx
2023-10-28T16:04:46.100Z,38.5598333,-119.5071667,5.05,2.66,md,18,113,0.0279,0.06,nc,nc73952810,2023-10-28T19:49:10.942Z,"6 km NNW of Walker, CA",earthquake,0.21,0.37,0.258,44,reviewed,nc,nc
2023-10-28T17:54:38.000Z,32.1413333,-115.1353333,10.2,3,ml,24,55,0.1259,0.37,ci,ci40590352,2023-10-31T16:27:11.040Z,"10 km SSE of Alberto Oviedo Mota, B.C., MX",earthquake,0.69,1.17,0.155,31,reviewed,ci,ci
2023-10-28T18:17:13.820Z,38.552,-119.5068333,5.01,2.5,md,18,112,0.03539,0.06,nc,nc73952850,2023-10-29T04:50:08.108Z,"5 km NNW of Walker, CA",earthquake,0.23,0.36,0.23,34,reviewed,nc,nc
2023-10-29T03:03:59.910Z,34.151,-117.5158333,10.73,2.7,ml,131,15,0.03436,0.2,ci,ci40590512,2023-11-02T19:44:59.430Z,"7 km ENE of Rancho Cucamonga, CA",earthquake,0.11,0.22,0.185,191,reviewed,ci,ci
2023-10-29T05:51:53.370Z,31.665,-104.372,7.1085,3.3,ml(texnet),66,49,0.1,0.2,tx,tx2023veka,2023-10-30T15:00:50.152Z,"56 km S of Whites City, New Mexico",earthquake,0.8357186136,0.9800321436,0.1,36,reviewed,tx,tx
2023-10-29T07:33:01.323Z,44.237,-115.1158,10,2.7,ml,18,69,0.234,0.42,us,us7000l7cd,2023-10-29T14:34:24.270Z,"14 km W of Stanley, Idaho",earthquake,2.12,2.011,0.053,46,reviewed,us,us
2023-10-29T12:47:07.210Z,44.6723333333333,-114.378333333333,8.57,2.61,ml,32,70,0.5457,0.25,mb,mb90031178,2023-10-30T15:38:13.670Z,"21 km NNW of Challis, Idaho",earthquake,0.41,0.87,0.254822070587483,37,reviewed,mb,mb
2023-10-30T02:15:40.350Z,38.6895,-122.5046667,6.06,2.55,md,84,27,0.06523,0.17,nc,nc73953515,2023-10-30T22:54:10.868Z,"12 km SE of Middletown, CA",earthquake,0.15,0.49,0.156,134,reviewed,nc,nc
2023-10-30T02:22:42.230Z,34.6851667,-116.2853333,1.89,2.56,ml,25,46,0.1104,0.17,ci,ci40591080,2023-10-31T01:29:33.040Z,"12 km WSW of Ludlow, CA",earthquake,0.18,0.39,0.157,24,reviewed,ci,ci
2023-10-30T12:31:38.000Z,33.4843333,-116.4226667,5.45,3.41,ml,117,22,0.03905,0.18,ci,ci40591304,2023-11-11T09:52:08.040Z,"22 km SSW of La Quinta, CA",earthquake,0.09,0.34,0.158,188,reviewed,ci,ci
2023-10-30T13:09:22.107Z,38.1462,-117.8758,12.8,2.7,ml,14,73.07,0.101,0.154,nn,nn00868136,2023-11-01T17:18:16.040Z,"33 km SE of Mina, Nevada",earthquake,,0.8,0.39,8,reviewed,nn,nn
2023-10-31T02:18:25.292Z,38.3455,-118.913,10.5,3.2,mw,23,49.72,0.167,0.1443,nn,nn00868173,2023-11-12T20:34:56.901Z,"29 km ENE of Bridgeport, California",earthquake,,0.8,,,reviewed,nn,nn
2023-10-31T08:03:00.071Z,28.911,-98.288,3.3992,2.5,ml(texnet),16,72,0.1,0.3,tx,tx2023vifj,2023-10-31T16:54:38.184Z,"19 km ESE of Pleasanton, Texas",earthquake,1.242346729,2.339499802,0.2,7,reviewed,tx,tx
2023-10-31T11:12:57.892Z,32.008,-103.836,6.9028,2.5,ml(texnet),17,69,0,0.1,tx,tx2023vilr,2023-11-01T05:51:46.040Z,"New Mexico",earthquake,1.145341606,0.9170335199,0.1,7,reviewed,tx,tx
2023-10-31T14:22:38.464Z,44.2235,-115.0951,12.9,2.6,ml,19,70,0.214,0.8,us,us7000l7tz,2023-11-11T17:12:29.040Z,"southern Idaho",earthquake,1.81,5.802,0.053,46,reviewed,us,us
2023-10-31T15:51:36.650Z,31.625,-103.993,9.8849,2.6,ml(texnet),22,54,0,0.1,tx,tx2023viuv,2023-11-08T18:25:20.040Z,"38 km WSW of Mentone, Texas",earthquake,0.7625887078,0.8143870178,0.3,30,reviewed,tx,tx
2023-10-31T19:04:18.563Z,38.5909,-119.3492,7.7,2.5,ml,24,51.38,0.111,0.1468,nn,nn00868214,2023-11-06T07:09:14.178Z,"13 km NE of Walker, California",earthquake,,1.1,0.25,11,reviewed,nn,nn
2023-11-01T01:24:39.530Z,37.9686667,-122.0476667,15.45,2.6,md,117,49,0.008636,0.17,nc,nc73954420,2023-11-06T23:54:11.406Z,"3 km NNE of Pleasant Hill, CA",earthquake,0.14,0.27,0.134,134,reviewed,nc,nc
2023-11-01T02:38:59.697Z,44.2639,-115.1359,5,3.5,ml,64,67,0.261,0.7,us,us7000l7zl,2023-11-02T22:40:55.656Z,"16 km WNW of Stanley, Idaho",earthquake,1.89,1.883,0.026,188,reviewed,us,us
2023-11-01T11:15:01.208Z,36.6591,-116.2671,8.2,2.6,ml,72,24.83,0.059,0.2687,nn,nn00868257,2023-11-01T15:00:19.220Z,"51 km ESE of Beatty, Nevada",earthquake,,0.7,0.36,37,reviewed,nn,nn
2023-11-01T12:31:56.297Z,38.1468,-118.1934,7.8,2.6,ml,17,43.13,0.172,0.1552,nn,nn00868265,2023-11-02T05:11:10.040Z,"28 km SSW of Mina, Nevada",earthquake,,1.5,0.32,11,reviewed,nn,nn
2023-11-01T22:04:34.212Z,31.653,-104.294,7.1856,2.9,ml(texnet),15,68,0,0.3,tx,tx2023vlcq,2023-11-01T22:27:06.676Z,"58 km S of Whites City, New Mexico",earthquake,1.273632707,1.118733783,0.3,11,reviewed,tx,tx
2023-11-02T02:32:53.918Z,31.674,-104.181,6.3886,2.6,ml(texnet),25,64,0.1,0.2,tx,tx2023vlln,2023-11-03T17:41:33.383Z,"54 km NW of Toyah, Texas",other event,0.7204721256,0.9931162644,0.2,32,reviewed,tx,tx
2023-11-02T02:32:53.926Z,31.67,-104.185,6.1316,2.5,ml(texnet),19,58,0.1,0.2,tx,tx2023vllm,2023-11-02T11:59:30.742Z,"54 km NW of Toyah, Texas",earthquake,0.6200029938,1.251040351,0.1,29,reviewed,tx,tx
2023-11-02T08:51:45.070Z,32.226,-102.006,8.6325,2.9,ml(texnet),18,76,0.1,0.1,tx,tx2023vlya,2023-11-03T17:48:08.401Z,"23 km WNW of Stanton, Texas",earthquake,0.8839665114,1.254667434,0.3,13,reviewed,tx,tx
2023-11-02T10:45:21.290Z,38.8136667,-112.064,11.56,3.17,ml,34,59,0.04233,0.2,uu,uu60553437,2023-11-10T02:51:29.328Z,"4 km NNE of Richfield, Utah",earthquake,0.33,0.56,0.127,30,reviewed,uu,uu
2023-11-02T12:14:56.465Z,46.6045,-74.2513,10.2,2.5,ml,11,110,0.439,0.35,us,us7000l8th,2023-11-04T05:48:31.040Z,"26 km WSW of Saint-Michel-des-Saints, Canada",earthquake,3.52,8.456,0.081,20,reviewed,us,us
2023-11-02T12:47:28.301Z,31.659,-104.392,7.9054,2.9,ml(texnet),30,67,0,0.3,tx,tx2023vmft,2023-11-02T13:01:25.950Z,"57 km S of Whites City, New Mexico",earthquake,1.05524779,0.9476558437,0.1,19,reviewed,tx,tx
2023-11-02T13:39:42.908Z,31.626,-104.282,7.5198,2.9,ml(texnet),19,67,0,0.2,tx,tx2023vmhm,2023-11-03T17:45:27.936Z,"57 km NW of Toyah, Texas",earthquake,0.9164818808,1.072717745,0.3,13,reviewed,tx,tx
2023-11-02T15:13:20.036Z,44.8369,-116.0933,9.611,2.8,ml,36,36,0.259,0.7,us,us7000l8br,2023-11-03T15:09:03.778Z,"8 km S of McCall, Idaho",earthquake,1.58,7.36,0.031,137,reviewed,us,us
2023-11-02T16:51:29.010Z,32.222,-102.004,8.388,3.3,ml(texnet),30,52,0.1,0.1,tx,tx2023vmnw,2023-11-08T14:58:06.203Z,"22 km WNW of Stanton, Texas",earthquake,0.3857635034,0.643972422,0.2,27,reviewed,tx,tx
2023-11-02T17:43:41.182Z,28.922,-98.257,8.4858,2.6,ml(texnet),16,77,0.1,0.4,tx,tx2023vmpo,2023-11-07T17:47:12.040Z,"22 km ESE of Pleasanton, Texas",earthquake,1.696028396,3.312732872,0.2,13,reviewed,tx,tx
2023-11-02T18:53:39.324Z,31.665,-104.292,7.9825,2.8,ml(texnet),44,58,0,0.3,tx,tx2023vmrw,2023-11-07T18:06:32.040Z,"57 km S of Whites City, New Mexico",earthquake,0.6109108832,0.858875154,0.2,34,reviewed,tx,tx
2023-11-02T18:54:18.776Z,31.655,-104.293,7.5712,3.1,ml(texnet),20,67,0,0.3,tx,tx2023vmry,2023-11-07T18:14:18.040Z,"58 km S of Whites City, New Mexico",earthquake,1.053316738,1.007629363,0.2,16,reviewed,tx,tx
2023-11-02T19:39:10.865Z,32.403,-101.588,4.4752,3.3,ml(texnet),25,51,0,0.2,tx,tx2023vmtn,2023-11-07T18:25:45.040Z,"18 km SE of Ackerly, Texas",earthquake,0.8019438666,0.8150121589,0.3,19,reviewed,tx,tx
2023-11-03T02:25:52.780Z,35.7658333,-117.5826667,6.37,2.66,ml,35,63,0.1332,0.13,ci,ci39705786,2023-11-03T18:36:51.670Z,"16 km W of Searles Valley, CA",earthquake,0.15,0.62,0.16,24,reviewed,ci,ci
2023-11-03T04:11:02.800Z,44.4641666666667,-115.218333333333,6.16,2.57,ml,15,62,0.4465,0.09,mb,mb90031713,2023-11-03T15:19:36.800Z,"35 km NW of Stanley, Idaho",earthquake,0.24,0.73,0.140248357292508,27,reviewed,mb,mb
2023-11-03T09:51:24.210Z,32.497,-102.291,3.7905,2.7,ml(texnet),15,64,0.1,0.3,tx,tx2023vnvm,2023-11-07T07:42:34.040Z,"31 km NE of Andrews, Texas",earthquake,1.389577639,2.02283693,0.2,11,reviewed,tx,tx
2023-11-03T19:01:13.496Z,31.746,-104.134,6.1187,2.5,ml(texnet),35,59,0,0.2,tx,tx2023vonp,2023-11-04T18:39:01.040Z,"50 km W of Mentone, Texas",earthquake,0.3480306404,0.3626752358,0.2,36,reviewed,tx,tx
2023-11-03T20:12:18.460Z,34.4215,-119.1696667,6.91,4.02,mw,105,25,0.03072,0.29,ci,ci39706674,2023-11-09T17:32:21.717Z,"7 km ESE of Ojai, CA",earthquake,0.19,0.51,,5,reviewed,ci,ci
2023-11-04T01:28:02.983Z,39.0992,-97.5842,10,3.4,mb_lg,14,88,0.759,0.53,us,us7000l8sp,2023-11-11T13:09:19.187Z,"7 km N of Bennington, Kansas",earthquake,3.15,1.989,0.04,164,reviewed,us,us
2023-11-04T01:40:31.749Z,39.0614,-97.587,10,2.9,mb_lg,17,87,0.762,0.46,us,us7000l8ss,2023-11-11T00:37:28.035Z,"3 km N of Bennington, Kansas",earthquake,2.08,1.988,0.049,108,reviewed,us,us
2023-11-04T05:38:30.875Z,37.7238,-97.9654,8.07,2.5,mb_lg,49,69,0.27,0.36,us,us7000l8tk,2023-11-04T12:47:15.496Z,"7 km SE of Pretty Prairie, Kansas",earthquake,1.82,7.555,0.088,34,reviewed,us,us
2023-11-04T10:28:38.896Z,44.6143,-112.4982,12.408,2.6,ml,20,78,0.104,0.4,us,us7000l8uu,2023-11-04T13:43:21.270Z,"7 km ESE of Lima, Montana",earthquake,3.07,2.894,0.046,61,reviewed,us,us
2023-11-04T12:27:34.660Z,35.4138333333333,-83.5285,13.01,2.51,md,21,53,0.2441,0.14,se,se60501268,2023-11-11T01:32:49.927Z,"7 km WSW of Bryson City, North Carolina",earthquake,0.43,1.81,0.0608846971042487,13,reviewed,se,se
2023-11-04T13:22:12.211Z,31.602,-104.253,7.0313,2.6,ml(texnet),38,61,0.1,0.2,tx,tx2023vpxx,2023-11-06T11:31:24.173Z,"",earthquake,0.7775821072,0.9283870598,0.1,19,reviewed,tx,tx
2023-11-04T23:39:55.917Z,32.312,-101.828,6.7251,4.1,ml(texnet),30,45,0,0.1,tx,tx2023vqsh,2023-11-07T13:27:00.341Z,"20 km N of Stanton, Texas",earthquake,0.3733968354,0.5894399804,0.3,24,reviewed,tx,tx
2023-11-05T00:48:12.743Z,32.313,-101.831,6.4071,2.8,ml(texnet),21,68,0,0.1,tx,tx2023vqup,2023-11-06T19:40:00.549Z,"20 km N of Stanton, Texas",earthquake,0.4902650629,0.7075963041,0.1,11,reviewed,tx,tx
2023-11-05T00:49:51.985Z,32.309,-101.827,6.9941,4.1,ml(texnet),25,59,0,0.1,tx,tx2023vqus,2023-11-08T04:58:06.220Z,"20 km N of Stanton, Texas",earthquake,0.4075488477,0.6522286896,0.2,94,reviewed,tx,tx
2023-11-05T05:12:57.650Z,32.8643333,-115.7388333,13.16,3.87,ml,70,39,0.01633,0.31,ci,ci39708250,2023-11-07T18:08:53.249Z,"16 km W of Imperial, CA",earthquake,0.24,0.52,0.163,138,reviewed,ci,ci
2023-11-05T05:14:26.920Z,32.8633333,-115.7538333,9.69,2.65,ml,51,37,0.02493,0.25,ci,ci39708274,2023-11-06T22:56:16.830Z,"17 km W of Imperial, CA",earthquake,0.23,0.51,0.187,26,reviewed,ci,ci
2023-11-05T06:20:14.330Z,31.668,-104.497,5.9773,2.7,ml(texnet),14,67,0,0.2,tx,tx2023vrfn,2023-11-06T11:01:27.477Z,"57 km SSW of Whites City, New Mexico",earthquake,1.9703096,1.213722689,0.1,32,reviewed,tx,tx
2023-11-05T10:01:31.180Z,34.415,-119.167,4.68,2.86,ml,92,26,0.03275,0.35,ci,ci39708450,2023-11-06T10:05:13.697Z,"8 km ESE of Ojai, CA",earthquake,0.24,0.58,0.122,79,reviewed,ci,ci
2023-11-05T15:48:20.994Z,31.674,-104.422,5.9259,2.9,ml(texnet),25,67,0,0.2,tx,tx2023vryf,2023-11-06T19:13:26.833Z,"western Texas",earthquake,0.9258820784,0.7389285219,0.1,15,reviewed,tx,tx
2023-11-05T18:39:56.111Z,42.8957,-106.7677,5,2.9,ml,11,95,0.304,0.55,us,us7000l91r,2023-11-05T18:59:54.040Z,"23 km SE of Powder River, Wyoming",earthquake,4.83,1.997,0.046,62,reviewed,us,us
2023-11-06T01:11:01.780Z,35.9381667,-120.4875,9.61,2.76,md,67,58,0.01539,0.1,nc,nc73956620,2023-11-06T22:42:13.857Z,"7 km NW of Parkfield, CA",earthquake,0.13,0.17,0.104,96,reviewed,nc,nc
2023-11-06T01:51:05.370Z,40.1288333,-121.1141667,0.87,3.35,ml,59,24,0.1211,0.17,nc,nc73956640,2023-11-07T01:41:52.573Z,"6 km SW of Canyondam, CA",earthquake,0.21,1.42,0.167,45,reviewed,nc,nc
2023-11-06T14:42:02.620Z,44.2658333,-110.6243333,7.4,2.51,ml,26,87,0.06936,0.22,uu,uu60553722,2023-11-06T17:36:16.070Z,"58 km ENE of Warm River, Idaho",earthquake,0.51,0.82,0.341,7,reviewed,uu,uu
2023-11-06T20:13:16.530Z,36.1963333,-117.982,4.78,2.86,ml,42,81,0.08904,0.18,ci,ci39709442,2023-11-11T15:06:59.040Z,"10 km SSE of Olancha, CA",earthquake,0.18,0.9,0.124,25,reviewed,ci,ci
2023-11-06T21:01:44.902Z,31.659,-104.309,5.0004,2.8,ml(texnet),25,58,0,0.2,tx,tx2023vueb,2023-11-07T10:20:01.537Z,"57 km S of Whites City, New Mexico",earthquake,0.9150066941,1.173240003,0.1,33,reviewed,tx,tx
2023-11-06T21:31:03.550Z,40.382,-124.33,24.98,2.5,md,28,171,0.01997,0.12,nc,nc73957010,2023-11-07T01:23:11.815Z,"7 km NNW of Petrolia, CA",earthquake,0.48,0.41,0.156,30,reviewed,nc,nc
2023-11-06T23:44:13.164Z,31.662,-104.307,6.8,2.9,ml(texnet),41,58,0,0.2,tx,tx2023vujk,2023-11-08T12:49:04.787Z,"57 km S of Whites City, New Mexico",earthquake,0.5964872054,0.667615604,0.1,24,reviewed,tx,tx
2023-11-07T04:02:46.661Z,31.664,-104.311,6.1316,3.4,ml(texnet),44,58,0,0.2,tx,tx2023vury,2023-11-08T04:06:36.040Z,"western Texas",earthquake,0.6108414684,0.5871808792,0.2,26,reviewed,tx,tx
2023-11-07T04:27:02.204Z,31.666,-104.314,6.1316,2.9,ml(texnet),19,58,0,0.2,tx,tx2023vusu,2023-11-08T11:43:50.014Z,"56 km S of Whites City, New Mexico",earthquake,0.9186663023,0.8933020367,0.1,29,reviewed,tx,tx
2023-11-07T05:44:30.326Z,31.655,-104.451,6.5429,2.6,ml(texnet),46,65,0,0.2,tx,tx2023vuvj,2023-11-07T11:51:52.698Z,"58 km S of Whites City, New Mexico",earthquake,0.8402251668,0.6161196016,0.1,30,reviewed,tx,tx
2023-11-07T15:38:31.570Z,31.63,-104.351,6.2344,2.6,ml(texnet),23,62,0.1,0.2,tx,tx2023vvox,2023-11-08T11:16:11.358Z,"60 km S of Whites City, New Mexico",earthquake,0.7269580662,0.7308885019,0.1,11,reviewed,tx,tx
2023-11-07T17:57:19.906Z,38.8848,-118.586,11,3,ml,17,65.21,0.411,0.0964,nn,nn00868546,2023-11-08T02:14:57.178Z,"California-Nevada border region",earthquake,,1.4,0.13,7,reviewed,nn,nn
2023-11-08T03:41:39.283Z,38.8839,-118.5834,11.8,3,ml,14,59.33,0.41,0.1344,nn,nn00868574,2023-11-09T23:25:20.040Z,"21 km ESE of Schurz, Nevada",earthquake,,2.2,0.18,5,reviewed,nn,nn
2023-11-08T10:27:49.034Z,31.622,-103.982,7.417,5.2,ml(texnet),31,52,0,0.2,tx,tx2023vxae,2023-11-12T18:49:19.926Z,"Coalson Draw, Texas",earthquake,0.6306655439,0.8419580201,0.2,41,reviewed,tx,tx
2023-11-08T10:30:06.871Z,31.613,-103.994,7.5841,3.2,ml(texnet),15,58,0,0.1,tx,tx2023vxai,2023-11-09T06:18:20.040Z,"38 km NNW of Toyah, Texas",earthquake,0.4682446831,0.6219120053,0.2,13,reviewed,tx,tx
2023-11-08T10:31:07.555Z,31.622,-103.98,7.0828,2.8,ml(texnet),14,58,0,0.2,tx,tx2023vxak,2023-11-09T06:29:22.040Z,"37 km WSW of Mentone, Texas",earthquake,0.7314280183,1.031653294,0.3,7,reviewed,tx,tx
2023-11-08T10:35:15.082Z,31.611,-103.977,6.8514,2.6,ml(texnet),15,57,0,0.1,tx,tx2023vxan,2023-11-08T11:25:00.998Z,"37 km NNW of Toyah, Texas",earthquake,0.8443247686,0.9499642018,0.1,19,reviewed,tx,tx
2023-11-08T10:39:15.908Z,31.636,-103.992,6.093,2.8,ml(texnet),29,41,0,0.2,tx,tx2023vxar,2023-11-08T17:07:40.043Z,"38 km WSW of Mentone, Texas",earthquake,0.3495331089,0.4266744237,0.1,15,reviewed,tx,tx
2023-11-08T10:45:35.685Z,31.614,-103.986,7.1599,2.5,ml(texnet),15,56,0,0.1,tx,tx2023vxaw,2023-11-09T07:08:51.040Z,"37 km NNW of Toyah, Texas",earthquake,0.7085670877,1.150908484,0.1,16,reviewed,tx,tx
2023-11-08T10:57:51.610Z,31.639,-104.009,5.1675,2.8,ml(texnet),15,46,0,0.1,tx,tx2023vxbi,2023-11-08T16:01:19.725Z,"western Texas",earthquake,0.5029420961,0.6618770654,0.1,13,reviewed,tx,tx
2023-11-08T13:16:21.114Z,38.1913,-117.8587,10.8,2.6,ml,15,77.57,0.1,0.143,nn,nn00868602,2023-11-08T16:55:35.158Z,"31 km SE of Mina, Nevada",earthquake,,1.1,0.14,9,reviewed,nn,nn
2023-11-08T15:04:19.861Z,31.641,-104.008,5.0233,2.5,ml(texnet),15,43,0,0.1,tx,tx2023vxjo,2023-11-08T15:57:26.015Z,"39 km W of Mentone, Texas",earthquake,0,2.066676679,0.2,13,automatic,tx,tx
2023-11-08T15:47:43.234Z,31.633,-104.505,7.8797,2.9,ml(texnet),16,72,0,0.1,tx,tx2023vxlb,2023-11-08T18:36:41.903Z,"61 km SSW of Whites City, New Mexico",earthquake,0.8665187107,0.4989616666,0.2,9,reviewed,tx,tx
2023-11-08T17:22:31.540Z,40.4331667,-124.5046667,27.14,2.56,md,24,259,0.1344,0.14,nc,nc73957850,2023-11-11T16:53:52.040Z,"22 km WNW of Petrolia, CA",earthquake,0.86,0.71,0.422,35,reviewed,nc,nc
2023-11-08T18:00:11.777Z,31.638,-104.011,5.6046,2.5,ml(texnet),28,41,0,0.1,tx,tx2023vxpc,2023-11-09T04:00:16.780Z,"western Texas",earthquake,0.2905769368,0.413537777,0.2,18,reviewed,tx,tx
2023-11-08T23:42:25.075Z,31.617,-104.096,6.093,2.5,ml(texnet),30,52,0,0.2,tx,tx2023vyak,2023-11-11T13:22:17.630Z,"44 km NW of Toyah, Texas",earthquake,0.4059049232,0.3552311279,0.1,15,reviewed,tx,tx
2023-11-09T04:58:20.866Z,31.669,-104.184,6.1316,2.7,ml(texnet),19,58,0.1,0.2,tx,tx2023vyku,2023-11-09T09:55:29.091Z,"54 km NW of Toyah, Texas",earthquake,0.5981478596,1.251812091,0.1,32,reviewed,tx,tx
2023-11-09T05:42:09.502Z,31.668,-104.184,6.4015,2.7,ml(texnet),30,67,0.1,0.1,tx,tx2023vymg,2023-11-09T12:11:58.203Z,"53 km NW of Toyah, Texas",earthquake,0.3912490263,0.6025759048,0.2,14,reviewed,tx,tx
2023-11-09T07:46:55.830Z,31.641,-104.017,6.093,3,ml(texnet),33,36,0,0.2,tx,tx2023vyqk,2023-11-10T17:28:15.856Z,"40 km W of Mentone, Texas",earthquake,0.4358304157,0.3872934794,0.2,19,reviewed,tx,tx
2023-11-09T07:59:39.628Z,31.65,-104.013,4.4863,2.6,ml(texnet),15,43,0,0.1,tx,tx2023vyqu,2023-11-09T15:15:55.423Z,"39 km W of Mentone, Texas",earthquake,0.5763448145,0.8896676849,0.1,11,reviewed,tx,tx
2023-11-09T08:30:47.476Z,31.638,-104.01,5.1418,2.6,ml(texnet),15,42,0,0.1,tx,tx2023vyrv,2023-11-09T13:07:20.046Z,"39 km W of Mentone, Texas",earthquake,0.2739804709,0.4487551587,0.2,9,reviewed,tx,tx
2023-11-09T08:56:50.892Z,31.621,-104.497,7.3141,2.5,ml(texnet),30,75,0,0.2,tx,tx2023vysp,2023-11-09T12:53:53.082Z,"62 km S of Whites City, New Mexico",earthquake,0.9917187527,0.7343032935,0.1,24,reviewed,tx,tx
2023-11-09T10:25:02.270Z,38.2996667,-119.31,5.57,2.59,ml,47,115,0.2278,0.15,nc,nc73960401,2023-11-09T20:22:12.332Z,"8 km NW of Bridgeport, CA",earthquake,0.25,3.44,0.237,19,reviewed,nc,nc
2023-11-09T10:25:21.181Z,38.2996,-119.3044,8.5,2.8,ml,7,145.66,0.23,0.1722,nn,nn00868657,2023-11-09T17:36:24.417Z,"8 km NW of Bridgeport, California",earthquake,,10.1,0.25,2,reviewed,nn,nn
2023-11-09T15:58:22.009Z,31.632,-104.509,7.5712,2.7,ml(texnet),28,74,0,0.2,tx,tx2023vzgq,2023-11-10T19:04:03.680Z,"61 km SSW of Whites City, New Mexico",earthquake,1.110195207,0.6374835866,0.1,18,reviewed,tx,tx
2023-11-09T16:19:36.124Z,31.679,-104.527,5.1032,3.1,ml(texnet),25,80,0,0.2,tx,tx2023vzhg,2023-11-10T17:18:07.429Z,"56 km SSW of Whites City, New Mexico",earthquake,1.377850017,0.4330669613,0.2,13,reviewed,tx,tx
2023-11-10T02:57:07.137Z,31.648,-104.024,6.1187,2.8,ml(texnet),36,33,0,0.2,tx,tx2023waci,2023-11-10T18:14:37.855Z,"40 km W of Mentone, Texas",earthquake,0.4111246828,0.352935634,0.1,22,reviewed,tx,tx
2023-11-10T04:44:11.176Z,31.642,-103.974,7.1681,3.4,mlv,6,197,0,0.4,tx,tx2023wafv,2023-11-12T03:29:15.415Z,"western Texas",earthquake,0,5.469876244,0.3,6,automatic,tx,tx
2023-11-10T04:45:14.708Z,31.639,-104.008,5.5531,2.8,ml(texnet),17,48,0,0.1,tx,tx2023wafw,2023-11-10T11:25:48.729Z,"39 km W of Mentone, Texas",earthquake,0.5327503132,0.6153310544,0.1,14,reviewed,tx,tx
2023-11-10T09:35:04.569Z,31.668,-104.304,7.1085,2.6,ml(texnet),32,67,0,0.1,tx,tx2023wapl,2023-11-10T19:41:24.390Z,"56 km S of Whites City, New Mexico",earthquake,0.7706396152,0.8169399895,0.2,18,reviewed,tx,tx
2023-11-10T15:30:44.470Z,38.1859,-117.8543,12.7,4.3,ml,13,43.65,0.104,0.1701,nn,nn00868733,2023-11-11T15:35:11.516Z,"31 km SE of Mina, Nevada",earthquake,,1.3,0.58,6,reviewed,nn,nn
2023-11-10T15:33:31.292Z,38.1989,-117.8494,13,2.6,ml,11,67.61,0.107,0.1105,nn,nn00868736,2023-11-10T22:23:49.044Z,"Nevada",earthquake,,1.2,0.28,5,reviewed,nn,nn
2023-11-10T15:43:17.338Z,31.639,-104.012,5.7588,2.5,ml(texnet),21,57,0,0.1,tx,tx2023wbbo,2023-11-10T15:51:35.699Z,"39 km W of Mentone, Texas",earthquake,0.2850675848,0.3811690654,0.2,11,reviewed,tx,tx
2023-11-10T20:33:49.550Z,44.3935,-124.587,29.67,3.08,ml,29,144,0.3604,0.21,uw,uw61971621,2023-11-11T14:58:13.294Z,"",earthquake,0.4,0.65,0.14486018729385686,18,reviewed,uw,uw
2023-11-11T00:18:42.258Z,39.0471,-97.6158,5,4,mwr,33,37,0.785,0.4,us,us7000la9a,2023-11-12T22:12:24.462Z,"Kansas",earthquake,1.9,1.994,0.032,93,reviewed,us,us
2023-11-11T01:41:15.780Z,38.8273315,-122.8193359,1.49,2.53,md,56,18,0.008233,0.06,nc,nc73961186,2023-11-11T02:45:11.896Z,"8 km NW of The Geysers, CA",earthquake,0.12,0.18,0.2,67,automatic,nc,nc
2023-11-11T03:15:24.730Z,40.417,-124.8208333,17.42,4.1,mw,143,221,0.3735,0.21,nc,nc73961261,2023-11-12T03:20:34.784Z,"46 km WNW of Petrolia, CA",earthquake,0.5,0.54,,4,reviewed,nc,nc
2023-11-11T03:43:42.720Z,40.426,-124.8391667,17.79,2.92,md,80,234,0.386,0.2,nc,nc73961276,2023-11-11T07:57:11.406Z,"48 km WNW of Petrolia, CA",earthquake,0.96,0.87,0.112,69,reviewed,nc,nc
2023-11-11T03:58:15.110Z,40.5158333,-124.8706667,18.68,2.8,md,57,254,0.4086,0.18,nc,nc73961291,2023-11-11T13:15:10.125Z,"52 km W of Ferndale, CA",earthquake,1.22,1.14,0.203,46,reviewed,nc,nc
2023-11-11T12:46:47.244Z,32.308,-101.83,5.649,2.7,ml(texnet),22,43,0,0.1,tx,tx2023wcrj,2023-11-12T01:23:17.962Z,"",earthquake,0.3984335469,0.5929752836,0.1,12,reviewed,tx,tx
2023-11-12T01:52:33.340Z,40.4799995,-124.940834,18.64,2.8,md,30,282,0.4603,0.16,nc,nc73961906,2023-11-12T04:18:09.818Z,"58 km WNW of Petrolia, CA",earthquake,5.44,3.02,0.2,14,automatic,nc,nc
2023-11-12T07:18:34.272Z,31.626,-103.976,4.9954,2.7,ml(texnet),15,57,0,0.2,tx,tx2023weby,2023-11-12T08:10:03.210Z,"36 km WSW of Mentone, Texas",earthquake,0,1.264665452,0.2,12,automatic,tx,tx
2023-11-12T10:34:39.381Z,31.614,-104.004,8.3296,2.9,ml(texnet),19,54,0,0.1,tx,tx2023wein,2023-11-12T10:59:11.534Z,"38 km NNW of Toyah, Texas",earthquake,0.5328573214,0.4647210712,0.1,13,reviewed,tx,tx
2023-11-12T10:39:34.174Z,31.617,-104.006,8.2268,3,ml(texnet),17,56,0,0.1,tx,tx2023weiq,2023-11-12T10:59:57.059Z,"39 km NNW of Toyah, Texas",earthquake,0.5454148043,0.448203587,0.1,11,reviewed,tx,tx
2023-11-12T15:05:12.170Z,37.5176659,-118.7815018,4.87,2.71,md,27,160,0.08154,0.03,nc,nc73962066,2023-11-12T20:23:18.991Z,"10 km WSW of Toms Place, CA",earthquake,0.38,0.99,0.15,33,automatic,nc,nc
2023-11-12T16:20:19.846Z,31.637,-104.051,3.3713,2.6,ml(texnet),20,98,0,0.7,tx,tx2023wetw,2023-11-12T16:42:31.986Z,"western Texas",earthquake,0,1.244307239,0.3,15,automatic,tx,tx
